Ingreso mensual,Historial crediticio,Edad,Número de deudas activas,Relación cuota/ingreso,Tiempo en trabajo actual,Aprobación
9490.142459033697,727,68,3,0.347910336481924,24.071880916608976,1
7585.207096486446,604,55,4,0.27829260177670756,25.842541382865523,1
9943.065614302077,616,37,9,0.11095474206706071,4.1190009814671065,1
12569.089569224076,308,74,4,0.3659848153897006,28.571602571961737,1
7297.5398758299925,372,46,7,0.648480772722713,9.86467853545828,0
7297.589129152459,658,68,9,0.07603842738295141,19.8694121619216,0
12737.638446522174,522,21,7,0.23944959377096597,22.554754378700434,1
10302.304187458725,715,72,1,0.18490160853370724,24.358387039136502,1
6591.576842195143,669,24,6,0.20479532488270258,28.372491066777904,0
9627.680130757893,563,45,7,0.6404824587215939,9.387586440864679,0
6609.746921562613,617,45,5,0.35424488525228853,25.755193636546636,0
6602.810739289229,383,21,4,0.3530946184108822,3.9506071030862113,0
8725.886814698102,617,39,8,0.5443741675959335,21.15122719060778,0
2260.159266026606,410,29,2,0.15041993260320174,22.259331885419577,1
2825.246502460902,550,62,9,0.36672248016503295,20.331697236039613,1
6313.137412277082,682,20,3,0.3294903891786888,7.5694420840545895,0
4961.506638996729,306,39,8,0.43799194885532644,26.191294410456102,0
8942.74199778582,758,61,5,0.699712507112785,5.06575390111185,1
5275.927773436368,383,19,7,0.5501417811533306,1.6090437456249251,0
3763.088895994126,507,41,6,0.30861270696132764,21.523949718357365,0
12396.946306764661,689,51,1,0.5879094839781305,14.26427145698201,1
7322.671098540393,613,44,2,0.16096043615311212,25.47294059876028,1
8202.584614063771,321,72,0,0.06980139610082409,11.501914231747769,1
3725.75544135963,709,58,8,0.1828914421017775,5.048357655231385,1
6366.851826424452,814,18,6,0.27126751147426875,25.093265774096093,1
8332.767769129598,426,25,0,0.3818774923487139,16.46728894920215,0
4547.0192677330915,313,40,2,0.44983394135177984,5.675873771710647,0
9127.094055037016,311,55,3,0.6418937161893741,21.611519957593373,0
6198.083930243585,386,23,3,0.38140510620779744,15.333409154685016,0
7124.91875062017,823,39,4,0.37582916900672403,18.129389467209595,1
6194.880163311809,836,42,2,0.08265795638493839,13.826950146197456,1
13556.834553526813,600,35,2,0.07269250922654548,24.86126951454019,1
7959.508325786198,542,34,0,0.4082539752456418,24.886881470491495,1
4826.867213132298,421,29,6,0.33481609861142386,21.281664654731586,0
10467.634736309567,446,23,9,0.595467256737194,3.1620413218938683,0
4337.469050086933,655,43,0,0.15444173006269935,25.165615857122067,0
8626.590785014267,608,44,1,0.06623158037608223,20.130389415987295,1
2120.989628360673,587,25,3,0.34187519915458175,20.910724980128986,0
4015.4418533047083,606,36,3,0.20436106188896735,10.88948521211615,0
8590.583707607371,848,59,4,0.08224934267024434,26.3783866847102,1
10215.399739986231,651,18,1,0.5209888864509588,21.761148007045723,1
8514.104843569912,611,74,3,0.12253544997221084,3.377713995875834,1
7653.055152835278,358,46,0,0.4454076750050515,12.23334103218488,0
7096.688913232134,334,62,1,0.23268233760847795,26.591410858804252,1
3564.4340288977182,744,66,0,0.1627724327307643,1.4159010509213699,1
5840.467374815874,392,52,9,0.29683848989755635,28.842498589261485,1
6618.0836871206375,506,57,9,0.5709397545449199,20.374877049586885,0
11171.366678656748,652,31,3,0.3048608249879722,18.9412793293013,1
9030.854868705384,631,52,3,0.5380002719871861,8.116777694639742,1
2710.879533911798,458,65,6,0.13156609291944793,7.463753662175312,0
8972.251908184386,323,62,9,0.5523014227823014,28.261746584657864,0
6844.75315875105,703,37,8,0.2040066611893216,8.948173627023682,1
5969.233999082124,815,73,8,0.49030553442776725,23.265158901569983,1
9835.028866522603,663,66,4,0.4177580106466476,11.793653946212375,0
11092.998567487854,681,30,9,0.6539440661875967,4.177622123541119,1
10793.840357348596,831,55,0,0.30175963668395406,0.3214589308607685,1
5482.3474303320845,451,66,0,0.0930073727423863,16.327720110457523,1
7072.362872446356,719,63,5,0.062451065608314385,29.273364556467982,1
8993.790294210692,549,66,1,0.5874580646322894,11.074085814276135,1
10926.635381367078,416,25,7,0.3910781644799308,10.715770019791345,1
6562.47728646413,811,60,8,0.553908633692717,10.322748535483262,1
7443.0230700085485,634,37,3,0.2023766400074845,15.616315119145753,1
4680.9950779819155,717,50,4,0.2743044345836019,13.219946502728806,0
4411.380127757988,594,43,7,0.06956751693735731,26.397438801810434,1
10437.577467182593,670,56,2,0.6749700109731729,15.16562375170471,1
12068.72008571247,485,38,4,0.48411413935552866,15.232735145657063,1
7783.969635258998,545,70,2,0.6565833070435491,4.151147841616698,0
11010.598693676073,567,66,9,0.22257266482889698,29.48218622731158,1
9084.908075142903,536,59,2,0.44745134729667946,7.49918672606489,1
6064.640736184627,829,60,2,0.4910249793902145,2.20092202378808,1
9084.186816525242,320,71,6,0.2564073051674325,19.894387469256262,1
12614.109699397908,819,58,6,0.6012710027601595,17.86099110470618,1
7892.521882670146,399,26,6,0.665654950885161,12.454369619782371,0
12693.930967442018,777,41,9,0.6251558265024028,12.665767016420341,1
140.76468773076704,597,54,7,0.5303935343605921,23.551917631392936,0
10465.707513125672,825,66,4,0.2303520418212201,5.871379202989472,1
8261.141204714513,633,58,4,0.2330504273686606,24.607599568346693,1
7102.977948602398,301,34,3,0.6761842082899246,19.462413416850545,0
8275.282329606507,674,41,6,0.05668492235819982,12.569093213385731,1
2037.2932561973212,592,38,9,0.5154324826073938,13.740858497516058,0
7340.984336487464,617,68,3,0.5090600056609204,7.699416215582874,0
9071.337714535239,801,56,1,0.4547482016173683,22.563429980909245,1
12433.68213422455,680,72,3,0.6935707499564627,15.386242269158032,0
6445.189345179058,313,58,7,0.2527216332464214,9.625636282495307,1
5574.519191320437,803,56,8,0.2709817114656113,17.881503472828506,1
6494.72886924639,530,30,2,0.10131061191526111,29.87203356153969,1
10746.206353106223,383,28,6,0.3378187887534293,13.057868389696615,1
8986.253328979054,429,63,8,0.21968154205265122,27.620742023358588,1
6410.719388698883,444,36,3,0.2732013564154687,10.350505197736982,1
9539.802299340068,327,28,9,0.592471663666158,1.6419812077495766,1
8291.23264804412,365,30,2,0.6580649337928722,6.127263191052866,0
10905.934971598668,462,63,4,0.17072649680337065,12.560854299830526,1
5893.840718367943,528,62,0,0.2921308055097528,6.589047857837071,1
7017.013560206696,560,18,2,0.6536098653750061,0.006811146547666125,0
6823.675540603527,748,57,7,0.09017549944799472,27.45004613242582,1
3609.455155603644,723,61,7,0.11003434327239603,25.31638233692787,1
8888.360831193728,759,36,3,0.15581414298404908,22.268766944608412,1
8783.165816539668,600,29,1,0.4368883421824685,5.034437869380859,0
8015.340369927383,602,25,7,0.14780697615389835,3.6109072862995815,0
7296.238599874559,586,25,7,0.6792496479429767,2.028142484171495,0
3753.887773848757,694,70,9,0.3403644427180382,21.720875663187638,1
6738.064031703923,309,62,3,0.37598667422760806,27.864238820636558,0
6971.856450419691,569,29,2,0.21032810027351417,12.91607462739111,1
5593.168192335143,660,65,1,0.35612416408257674,3.574220159881445,0
7516.1428650019725,556,50,8,0.48024386121405743,15.371784621963197,0
9212.152570443615,432,62,0,0.5382651390201277,10.464957223758905,1
13658.557703631592,575,43,6,0.5400142537614434,11.244747730499931,1
8523.733438495517,812,56,4,0.4256292232511574,18.63991872467122,1
8772.651172168293,612,45,7,0.6378338537460072,21.56154339786607,0
7776.662252701499,583,22,3,0.5813151007489711,3.3181079661948254,0
2243.686354102875,420,25,6,0.5420812745541065,1.0677069241942916,0
7920.458373652349,406,42,4,0.08614358909229941,29.829909080571447,0
8180.69062982308,503,44,4,0.05447067544277206,6.981850467466555,1
15389.726337455859,464,63,8,0.1880907301770574,1.6149157472537723,1
7422.917105656632,604,40,8,0.48129033604374394,5.696259872877599,0
8904.642027000837,796,47,8,0.31727836777365476,1.1687353904539266,0
7895.86469088427,455,62,5,0.3115640685445526,11.75432683851515,0
4493.965887141404,666,64,5,0.6249814773492489,24.072053533539727,0
11428.468443545062,550,40,4,0.6321158512856951,10.237333492731619,1
10255.799098060323,633,66,8,0.6409639216348307,13.325502206350997,0
10373.095841129141,810,64,9,0.25402074973476774,20.267603207023164,1
5271.837635615783,592,37,7,0.4991862782805201,15.266822102096405,0
12208.382932808297,319,35,6,0.22656156782834025,25.843370580639725,0
3794.4468116231574,581,35,6,0.17389639149839237,25.981070251372696,1
9760.571281400811,300,19,5,0.17001109727578997,0.2973208647346093,0
14571.366877429937,418,21,4,0.2723699535613361,23.341389194495974,1
5028.391024607935,334,47,3,0.3294724528568841,13.822008007250217,0
6301.106811191685,497,50,2,0.5901169611857944,29.665216239109892,1
8298.954095262923,784,53,2,0.12792921075726285,14.496962276263055,1
6489.573037651402,358,35,5,0.5277018008066812,29.606878361648924,0
3348.009706801602,460,54,3,0.3954456942230484,22.637080836172096,0
8205.688924418082,505,36,5,0.23716447273939506,7.458146538399189,1
4813.088858821686,311,64,2,0.3703327299463359,16.15184937860873,0
9420.777291905544,789,45,3,0.24496234535506467,29.76406918435748,1
5241.72729729859,575,57,8,0.4374532709048988,25.72591823255771,0
12649.80321505262,541,37,4,0.3319985498559087,2.921006813736633,1
5650.240122991288,515,66,6,0.15686359390127116,21.191159904299884,1
7033.815451382973,550,50,9,0.12577899846120286,10.367387576124392,0
10440.55165210901,425,29,1,0.40535219334688455,0.20946785641044352,1
4307.407050698134,516,68,4,0.6365684716359672,12.104429070809989,0
8682.379803812388,605,32,8,0.2735724962624956,7.042632651749139,1
11921.428262847285,484,58,2,0.5264500696947051,24.566078115614147,1
3177.550296316317,338,56,8,0.47812988071084844,10.119918265372965,1
8553.901575596912,522,19,5,0.6555106943011626,24.825710818614514,1
8779.64838274527,483,46,3,0.5836376612444415,0.017938165043859255,0
10345.46861533193,794,58,6,0.4182934182885509,9.234574500783575,1
4289.147867365755,726,27,7,0.47706982385216967,7.2349564292328585,0
4038.630160747171,477,19,5,0.6339512032796226,7.00702083205833,0
9565.824696850694,727,68,4,0.30968720998150756,2.0455985929638807,1
8890.954019699559,593,28,5,0.26241655880755527,5.6137281123150515,1
8751.47855103763,450,30,4,0.05702720436287762,16.666487096568595,1
9039.344628490928,683,27,7,0.5872581982244517,8.740832185132334,1
5959.925835264527,607,31,0,0.5706374552621871,12.521843469874439,1
8696.761091483011,635,35,6,0.1178954367650984,11.306006410415655,0
8879.217419896044,674,68,9,0.42495729773625507,26.27714774999684,1
5856.945745920897,307,71,9,0.35158810380847677,27.158969970315464,0
13597.32353343427,640,26,1,0.12716091208092245,14.788709149675801,0
9421.498762735362,428,74,8,0.6873693475894702,9.904678509468132,1
4426.089508392054,651,56,0,0.189552326851181,3.204021120070909,1
9969.66082590149,657,45,9,0.09370221705886475,28.60208638146285,1
5075.954989318036,816,20,5,0.4366507966762412,1.8068083470089236,0
10361.253811227356,794,37,8,0.5302633401364711,8.929508327048413,1
11475.786737022212,385,23,0,0.07108823993067152,8.941986035100125,1
5537.953044944868,474,44,3,0.47816646517256434,9.612038584206447,0
10890.128387732966,492,70,3,0.39598971936844535,4.928605298172278,1
9238.342780809495,610,19,8,0.11712225576878146,23.494842927710916,0
10466.18047998347,418,46,4,0.16214052001513535,3.6749358589796763,0
13690.378947961843,517,55,4,0.4191832932554523,19.047199774594883,1
7263.835651991389,726,20,5,0.24263244878363743,3.7153808011745237,1
5738.791506927531,713,33,0,0.6599052236233554,2.1160691277886965,1
5331.45671112343,413,47,0,0.5821811491646329,27.282885110576295,1
5552.5691451036855,444,57,8,0.6893186842338809,5.70386298956117,0
7768.694871757687,837,19,2,0.21878604531776907,24.637504636791128,1
9023.455924449932,602,34,3,0.680320361318685,16.338926133214073,1
8830.072397990058,644,58,0,0.3303020153645126,2.3356955882630883,1
10481.54974710807,300,29,8,0.2758872169539405,28.663445743142024,0
8039.005675633721,446,52,7,0.0827271925300796,7.408835009756776,1
12360.60223147195,586,60,1,0.08429741760874171,25.789360360578193,1
7206.029500286132,352,18,7,0.4998073163653255,5.0643001735369255,1
16160.507499768857,603,72,6,0.3476538463821181,25.618286464255586,0
9877.002043295019,368,62,5,0.19723905692346871,0.39686438715881955,0
5428.5273307511525,660,32,0,0.44908069911140114,15.35341369708442,1
4787.322505816663,519,43,6,0.21435777686257224,23.083277382646703,1
9447.417245729555,460,54,9,0.42546064032387465,28.0438655247835,1
7329.611644022447,388,38,6,0.2834856855387487,27.276064086194612,1
10142.001482276275,458,66,8,0.5853089472976823,24.588746086429346,0
9419.712873720635,788,48,0,0.5834525044984066,26.645740489839124,1
7781.513262029382,623,42,1,0.3602777587795608,5.976590575112295,1
5459.618845794785,680,40,8,0.2780324210677601,8.525528871351863,0
3455.458325942406,401,41,8,0.2856638677634114,8.669055747631756,1
6660.455143798937,793,74,5,0.5737144416843416,11.311617930050964,1
10569.196382970416,318,55,5,0.26331666381844776,11.799620111555662,1
8642.281232390611,753,45,3,0.18588859290944992,16.336659739640265,1
4262.7836638640365,781,38,3,0.10504742221894944,4.796392900993242,1
8519.542777553546,696,71,4,0.35335052857486543,20.73739991357968,1
9155.952139186511,578,60,2,0.36338586429789715,5.026996179135194,1
5348.4276913966005,664,35,0,0.5965906617618896,9.309254463136426,1
8461.175317836583,630,53,0,0.19380515268994158,15.100353918184622,1
8174.626155338,643,52,6,0.29764432788445994,23.89321684570432,0
4571.0891065081305,754,62,0,0.575463730280899,22.184076997161817,1
9073.36208104485,364,72,0,0.5853553469868328,19.366030692315668,0
9682.353579104703,375,26,2,0.2999971993861993,4.6731978174051045,1
11249.153729525831,442,70,9,0.34843061513634255,16.41136036846733,0
11161.40615610471,772,55,3,0.24713582905203385,2.623395053996563,1
3866.9918961287267,716,47,3,0.6561606709725528,11.320895303899523,0
5186.524880254632,604,61,1,0.12711844773202718,12.405495908698775,1
9545.10580162598,796,51,0,0.6569371249509555,1.1943431833726148,1
9541.357852736626,590,49,2,0.49451319369297303,8.219642984099155,1
9545.143058918144,401,20,3,0.3955218992463752,28.66948401799468,1
19558.19447196416,566,20,2,0.07122838950992232,28.608978234890685,1
9712.671532079501,302,45,7,0.3591375246843053,10.569811627576179,1
11406.696920541797,384,61,9,0.31503626825177594,1.2930032684497217,1
10862.005290479607,627,32,0,0.15479222778382964,5.372848179845446,1
9954.173753917394,749,58,1,0.4766662422754269,11.766533803006205,1
7054.192266078963,753,40,6,0.6812480897893858,28.433390939076894,1
10276.907661479803,520,57,3,0.4154227271919413,4.235971906115548,0
5681.524356387285,453,28,7,0.5145896296885647,22.905475310046366,0
7289.544179779973,311,65,2,0.0944927941679109,3.2604761812407625,1
6543.90935651269,432,49,5,0.32148354728104656,29.437727321738304,0
8245.622418158968,603,74,8,0.1256330153569223,11.44849497327405,0
14943.975700020526,592,71,0,0.4483172930987317,23.25703616697168,0
2398.204422224756,599,53,0,0.6600134028392004,10.277732484333955,0
10058.780571123541,342,50,7,0.480155526106565,18.83006631476426,1
3161.8523864310455,642,41,2,0.099921981404374,5.7604825422011015,0
6584.2044026317,625,56,4,0.2805330332403038,4.380630578908876,1
11266.8517909021,797,51,0,0.4079311966365534,28.141924187043937,1
8192.840057286388,663,73,4,0.31208504148661387,27.529418337133002,1
4766.765666212082,726,45,5,0.591868606808862,26.62406820638647,1
5854.088872220095,320,54,7,0.579536153061493,18.763003504997805,0
10038.793246804027,706,24,2,0.44769016306709386,24.248046336488347,1
5808.90010484859,635,21,2,0.2927476643362584,2.0711081073412476,1
8649.375768745924,416,54,9,0.21596864294610868,10.043671256720375,1
8136.715519711442,423,73,8,0.11881830683853405,9.411093742714687,1
6045.198957182549,698,18,3,0.2806834942662601,19.0693596585784,1
14431.832267975977,350,18,3,0.31856213618501766,10.678733204119215,0
9901.757066954033,623,64,6,0.4892849013176478,4.4552034493104244,1
1924.5722400271789,440,37,1,0.4778038857934227,17.89401226240631,0
8559.362944308283,769,36,7,0.09557029076681701,24.431517620072444,1
6014.640605694836,633,46,5,0.3069185550302525,11.463704833799195,0
10557.300004388671,672,27,2,0.16815626369128522,3.9680614529544513,1
5622.437784701899,793,35,8,0.15192825845592367,5.900645919384692,1
7655.790675599303,838,45,4,0.5877463973292099,7.124499155081519,1
9514.961836941371,455,52,7,0.07724489086556739,8.996927789836086,1
10597.265582510365,590,60,6,0.3224688693363788,19.283852115189273,1
4399.110778832672,443,64,7,0.15933237624823682,18.02836453613157,0
6996.496292477155,405,48,6,0.6215646401910081,20.882395847011175,0
6575.164066517132,719,44,2,0.4120763336287728,10.875059535945395,1
6040.012302278865,301,28,1,0.20039741364495117,24.71992955639935,1
13296.362720843292,389,66,6,0.3765777366581446,6.122629834672808,1
9214.945132882867,644,66,2,0.5254661338070252,14.071222425544619,1
4217.348136994864,649,55,2,0.6727767057976319,24.02816164624291,1
10753.585841164328,758,22,1,0.1932899027595223,5.404759431978578,0
14366.4685910379,562,25,3,0.6260181518840743,3.2958934122234886,0
11097.39578165344,650,51,7,0.6572976742088686,26.510519030639692,0
3441.8901021379597,407,65,0,0.645673353945843,10.287889882775877,0
6547.297781401246,338,69,0,0.4630193319602413,20.51610374727096,0
11800.73344755987,458,73,4,0.45938342538255994,0.7604581279181544,0
5876.991603143658,611,29,4,0.31208691156948476,20.701406652283488,0
9331.458284438686,540,55,0,0.539058623497462,9.483039346409116,1
10323.90216028801,744,18,5,0.39534111192810567,1.6722256076232522,1
5219.208585265751,597,48,0,0.49033474629839136,18.29438284644351,0
7821.4239318146,335,21,4,0.328497637501717,7.224114482195198,1
-1723.8020202072184,383,66,8,0.5254727016280404,11.6042172615564,0
4926.83707599713,751,62,4,0.5859064864429568,2.417424368595408,1
7242.295545820519,684,67,5,0.14518356679183048,4.41489753284836,1
4256.650454105451,471,22,7,0.5914043151232482,8.939317064875313,0
12897.233911794905,675,47,0,0.40119274566369967,2.692785016804714,0
3709.5758661181017,661,73,1,0.5990328409086457,27.324787940589456,0
6679.866539909049,440,41,8,0.33034610912165946,0.18141129551935253,0
8392.221731858273,417,20,2,0.29637631549897275,14.515806565929342,1
12323.819867198346,576,28,5,0.6447894761361945,3.697423743976543,1
3692.413546461682,519,62,4,0.21326002390646082,9.230372684338455,1
11489.491256464878,325,21,1,0.598738011435993,27.781786794547966,1
8030.699183058761,820,43,6,0.3646133721311126,4.8508365982196056,1
5055.474046856147,309,44,3,0.38416203765831874,28.97496959154998,0
9386.310422789813,677,63,0,0.2505043829681646,6.173831309682651,1
8597.17908672041,451,71,3,0.42247743040236013,22.24698325400489,1
6199.349368523616,348,60,5,0.26138727757953734,16.40031794691935,1
8209.406254970057,453,44,6,0.075525119257074,26.534361827902774,1
6844.05920941472,592,59,6,0.22679909347383143,16.619797665093927,0
8340.552035753744,349,68,6,0.05414637821428395,16.03677657468926,1
9986.39202356314,830,67,2,0.6859306115869568,5.863740011051997,1
12758.050448436057,359,23,5,0.6777356863828359,4.9868808615497615,0
4286.553503519453,466,32,7,0.30685094335699825,27.494674533465428,1
14399.100123968801,501,70,3,0.5234410553207699,9.835145965501022,0
2143.7366014324944,445,47,7,0.2747739639667762,11.162467648886878,0
7544.64471489325,738,59,1,0.4862105521058844,22.794709752851652,1
9764.95161945373,541,54,9,0.5735295279798864,10.164704472684221,0
8842.975603205097,782,54,8,0.6653915590499564,28.561873399170082,1
6131.901440538219,407,59,8,0.31013797930228676,22.13783306996401,0
7375.633248928174,525,54,7,0.559143688921431,17.922877277202602,1
6520.997196023502,731,52,9,0.2228534929108772,26.426854816342573,1
6231.905729167365,718,40,9,0.6937159974658714,1.4881772504844826,1
10548.806291063074,754,23,0,0.06675023919682824,7.711880765676263,1
9071.046457895141,459,21,1,0.44229372422572855,13.951090026627298,0
5921.271214218037,822,35,5,0.47867888807336256,6.8093561841456305,1
10698.799626299751,376,26,9,0.49722961209818367,22.317155619064557,0
8921.898562629827,808,66,4,0.12825192621290785,27.576240931611757,1
10438.58635651688,740,46,8,0.6600443592575347,12.713103597927702,1
9888.886525770837,553,30,4,0.1677691313825538,10.263978003356849,1
5513.014967233783,619,64,1,0.45478971210589664,28.84652196412699,1
6319.456879409091,562,69,9,0.1947394514300052,13.345572984826225,0
10241.880815369786,673,34,3,0.24969067106382603,14.671452013478497,1
9831.110796300394,466,62,8,0.40519805212328075,10.54949617025716,0
7937.295218107555,758,49,0,0.32117572206697464,27.28645419036415,1
8351.982149926345,579,65,0,0.15414664063472908,17.068664498455522,1
11832.994687365275,601,39,6,0.16110866157355136,22.865237615449338,1
6225.28583349251,830,21,2,0.3217941123058197,24.35420155052659,1
9641.292143510114,517,22,9,0.5422339358790754,10.255471257517746,1
7393.4220426983175,401,54,1,0.6336770204510626,13.010829939611401,1
7346.956390318339,587,58,8,0.10468298046859884,25.454153232187938,1
11296.33055596157,466,66,2,0.30551753991361064,10.897660550274308,0
10476.24904696409,335,30,1,0.1151596164198698,23.818054003555538,0
10440.528908001916,652,51,7,0.06078511241118863,28.22976967723311,1
11916.436421462988,372,62,9,0.4801171437185717,18.69631119204021,1
8063.0115248982775,652,39,5,0.441592137278282,22.248818623556666,1
10045.858913884891,369,70,5,0.15596242397967602,24.152919361234048,1
7069.199730219632,724,40,9,0.20197834151049165,25.351189466899275,1
8972.499057465326,816,68,6,0.06541003986893695,11.85160013570388,1
7609.570836896946,727,20,6,0.5927156837013624,1.5379037752799452,1
8290.987894978154,838,59,5,0.6835488874315584,12.056288137102186,1
9785.471076310741,459,51,3,0.13804869891654903,20.212686893522694,1
5545.337950299583,448,49,8,0.20045888894744374,13.510511573423784,1
14277.161827056381,529,62,5,0.6144661905655071,22.468894525811958,0
4981.947855500894,366,68,3,0.6522014686715201,10.709472884059917,0
4357.434161636804,680,66,2,0.3227577988244267,19.042324233120887,1
11474.332620500203,357,38,3,0.08290460697489818,5.592594145619238,0
10374.988081888809,558,63,2,0.07560469190033262,22.48108309934871,1
9872.359451156466,641,61,1,0.4230674129448567,16.370879064390774,1
9885.03652779284,429,38,4,0.3053818207805663,6.121931656398018,0
7963.259681459256,471,61,1,0.06862407792547544,8.757335204934218,1
5308.236885542505,508,28,5,0.42911405500316185,22.45826125745497,0
8227.41367458118,653,56,2,0.05734664878286461,14.478037069845621,1
5968.514865463665,770,21,5,0.5617917727970274,6.480943211792166,0
10925.359200253253,415,68,9,0.2491813347571915,29.01813571110893,0
7558.827855493584,563,18,8,0.07616770195600087,21.453750594506637,1
5523.5084096224655,741,45,0,0.4324289436390496,28.714044976193883,0
7035.8424750410195,847,41,5,0.3084948693814855,12.813151360810297,1
9238.794362826873,752,52,8,0.6829702686821472,14.253010220751614,1
6308.826341588076,776,30,3,0.40372913062740634,26.938656485550574,1
5533.338813300706,586,64,1,0.22890546767405534,15.751480207361539,0
8731.061634475736,602,51,3,0.5111352620120836,21.218367357170013,0
8734.89971332617,610,28,0,0.22646980165276237,7.565186324865899,1
6479.170473886611,507,53,2,0.6377581394149173,13.401794061079217,0
6586.885083145032,745,68,9,0.29356928082979467,3.7034959743106532,1
8696.149812072908,354,34,8,0.40741456580453334,6.17940107630885,1
3655.7469755080274,311,52,9,0.08287251748574875,0.02830245802893261,0
3777.6086768703344,699,35,4,0.32697880466894996,1.177951549459807,0
5844.667336242692,814,57,5,0.5910363007796468,29.31851469530788,1
7359.658544864458,841,39,2,0.5736717234861722,7.270610854102869,1
8932.722696794013,536,74,4,0.19580706325479202,19.89932128512006,0
12426.068650848656,578,41,7,0.19695139615686574,25.172990963988347,1
10572.978869606059,647,36,5,0.5812484529386038,16.519813777096928,1
7520.184410109719,403,54,3,0.6547589731100616,4.594335002518686,1
7942.951376291933,816,56,1,0.1119845988274523,21.843493120084993,1
4992.411906086573,547,38,8,0.3425381156270464,18.007542302987492,0
7944.4605920228305,663,25,0,0.2693452813267488,21.93751768042125,1
7134.024083239585,620,45,0,0.6159474960473356,23.092398685712617,0
8968.155681014268,585,22,3,0.10429119454201219,29.262311030542353,1
5518.307169343031,448,34,6,0.1872318626627243,17.2068984008013,0
9558.039542723516,383,54,0,0.5391044194312212,10.249233380718055,1
12598.216739007734,705,53,8,0.08334100183779013,19.453936707007113,1
7673.719554629427,755,71,3,0.37014799746428795,2.0532212772787837,1
9205.135166296825,460,36,2,0.33736957254181793,26.92191954964759,1
10070.431975133337,759,44,0,0.26736076634268663,3.5814303401459036,1
6796.338584342491,849,70,9,0.3064720049573004,9.835285136574548,0
8672.27744543125,799,51,3,0.3944613815046514,24.472361418783628,1
8037.7772023453845,808,28,8,0.154888782952449,17.919371349921356,1
8293.028295646494,780,71,9,0.42179732088433525,11.809065608323262,1
5680.9706484336,413,62,5,0.5735310140449911,14.203069781250642,0
8073.530522776829,660,64,5,0.5441046043636033,25.63642179606541,0
9493.994873736348,640,29,0,0.1500349380509529,10.200131581796764,1
12353.430823385126,748,71,9,0.14701215533195802,26.08949054436514,1
10877.81247825562,479,38,1,0.22431333903419365,2.644032929300745,0
14459.54737253467,706,71,5,0.28469857212167415,23.30395311625892,1
5697.957311335851,495,28,1,0.3154961279155136,25.42642899164209,1
10616.961910162034,765,56,2,0.49180319094167435,5.454529585120163,1
8550.026017215056,610,45,3,0.086842280907793,12.910395971166013,1
14569.408799653018,561,22,4,0.07253725774694315,4.964993239909669,0
5575.105143934546,718,34,8,0.3047418659135408,21.19812386982653,0
5480.834473457671,705,73,3,0.5031563998896873,16.060433041849702,0
6201.822063667933,442,37,8,0.17573297292171364,19.059700401249632,0
1628.3128270705793,641,58,9,0.46697791281656353,5.894609008686334,0
6422.734934957717,615,63,2,0.2188882896611946,6.352375861572586,0
5722.602015338906,400,29,7,0.6259559707287856,1.244919765297191,1
8451.181359428623,543,23,0,0.6321984637733007,9.662026055871891,1
9025.267927331479,789,34,8,0.2432366827828622,16.79233984001025,1
13628.512517647658,311,68,8,0.19949594007610633,25.738047419919862,1
10851.27151455815,538,36,9,0.3173475818430503,20.00782342376042,1
6269.28903301279,341,43,1,0.20634553036709663,13.061889701992543,0
5304.755985954926,728,65,3,0.4870494981396073,28.593603431824135,0
9475.757514519517,457,61,7,0.5869420449563856,21.577356017274955,1
4039.3003789380737,515,61,6,0.487509885092291,27.9049560858765,1
13494.376297563062,761,69,0,0.5858277907120771,15.82763919816497,1
11538.32036216386,433,49,4,0.30804490543485813,7.767128243794188,0
6592.473043685885,366,23,6,0.15160603096075953,1.5848005909416596,1
2860.5964127273674,306,72,3,0.5296681158084349,21.782545544515514,0
12061.617122496238,825,53,0,0.28430842834201,3.6390899401660235,1
7656.380464242146,372,55,8,0.48632603639893607,9.083253848159016,0
11713.448935920385,698,28,4,0.22591856228814766,15.974127236516921,1
3216.7170236168986,704,50,1,0.10279926262433722,16.93249763339243,1
6201.874931138682,429,41,7,0.6951781670670462,18.01749590961408,0
8015.731099154549,765,40,1,0.15153098015488953,4.987659910491019,1
8140.9417812942265,505,32,2,0.6924736460762626,11.392122144649463,1
6649.803585562269,565,44,9,0.6852319561681907,18.515826813509,0
9868.549797042497,836,28,0,0.5659817675402258,29.094565939013542,1
4797.138711852217,552,74,1,0.47862492535329837,21.82893413099066,1
7572.86154493612,588,68,6,0.42557458266320497,27.678112712818734,0
8360.886895135696,463,67,9,0.6129660044955925,22.866361749425312,0
9543.316502176247,394,34,1,0.23813568905266713,17.751509066772012,1
10134.844634266668,409,68,5,0.35399278811517004,5.760701074090337,1
4626.073724486392,635,70,2,0.4526034800882262,20.000569556775392,1
3397.6574877931334,537,31,3,0.3172738093151692,18.701386978797213,0
11833.030465695527,680,44,7,0.32786619515867416,18.074075113717992,0
8996.942035938775,735,35,2,0.26468503387635484,14.693576039647223,1
5754.5403903303395,782,45,9,0.4167506808449484,15.859698119678269,1
12653.455926567569,324,68,5,0.6028734432098254,10.033275813543122,0
8347.023902878576,416,64,0,0.18099344570410336,15.579380779269096,1
11537.891552191479,781,64,6,0.6573814751897369,5.926677170354347,1
8202.555444230327,691,21,7,0.4979069749363492,24.155231920811303,0
14182.243774645962,836,24,7,0.5851275882420196,5.573308640961234,1
13266.022527329613,378,62,2,0.4115239502095075,2.5489886966839927,1
7253.107554562779,472,52,9,0.5566858559256412,13.087380790714722,0
10914.712852863067,311,65,0,0.060530258270653683,19.749223185181854,1
9936.127848755443,427,26,8,0.5819472761066978,13.131504748006241,0
12105.894672597045,391,25,5,0.07609025840548823,8.302623958539257,1
5105.2296182596865,842,69,8,0.6284436946358606,16.745135516713223,0
10058.154379995318,831,62,6,0.6947757857051181,10.410070062365998,1
11175.273460548764,746,34,0,0.24114385041490555,27.986030703798992,1
2723.781540730657,689,34,0,0.1867070615857659,27.679354188107162,1
4450.224462002675,342,66,5,0.5474861865077264,15.071154599162863,0
1882.303466719698,553,50,4,0.21446712159816456,9.836519820547755,0
7191.779496666327,429,49,8,0.6126155490619323,22.113972418699174,1
10152.626767387887,359,25,1,0.11684768490235986,1.1013883044919992,0
12507.071156288084,766,36,7,0.13187087764658284,14.243070181309538,1
8222.284341259325,586,55,4,0.6864485108154,10.089701828110005,1
12885.846636713875,816,20,1,0.48799528387550295,27.616076553076642,1
3859.6956253553262,766,22,9,0.6004766958788192,0.3600908181804763,1
2889.852681934536,644,30,5,0.2608140952784867,16.584446271550473,0
7833.356903310144,681,64,9,0.4897144371883928,22.21990743199878,1
9152.196346817922,552,63,7,0.43625718775058814,14.550539625721237,1
7901.9157557177205,355,48,3,0.44204757807991546,2.56209090488165,0
1797.67369988037,762,72,1,0.493646098699519,29.173841700837066,1
7732.639881461635,756,33,4,0.423983462533914,15.540312941282938,1
4086.5914984854403,382,67,1,0.3288905400467328,18.42558732957034,1
10009.017646490116,398,49,1,0.2293497513473554,7.09829348122522,1
9099.794738290544,448,39,5,0.5495778650935813,14.504942553204113,0
5180.3606410179345,628,46,9,0.19707707950207098,12.874484758749656,1
6458.399247989919,455,39,8,0.5000302990003692,2.246875260059512,0
4822.359434333145,489,60,3,0.2016663347220623,3.1848106064240165,0
7811.962708180485,793,20,5,0.45646461047039494,25.124175588563237,1
10865.426961503716,562,71,6,0.5356008736338688,7.194598566197707,1
5042.821860993368,379,27,5,0.19216402778925046,5.8487481449589165,1
9512.139546553533,699,59,7,0.08896314555985038,15.147343537504177,1
6409.227144882678,559,38,3,0.13513293294621315,23.062413940875388,0
5621.381503212968,400,33,0,0.4438980287261665,1.8583955573696376,1
7678.908920136327,658,29,6,0.6021401640467281,17.304237589147675,0
4894.273032741878,679,19,2,0.07924793380302583,3.576313285217201,1
6339.052083958454,520,58,5,0.52719831837707,1.0938315247685537,0
4406.366322233454,719,41,1,0.27185711986753386,1.5823185648665217,1
13894.175398749168,423,52,8,0.3610434404476896,25.02492324625324,1
8105.790655915186,721,73,0,0.6537587073996176,3.539174508841847,1
5900.823476022243,530,47,5,0.26578147807829955,1.3545409323687585,1
8641.939732202665,362,74,5,0.35246900706066586,13.13699661428737,0
7663.015850927511,784,47,4,0.058893569594442724,25.319804158260744,1
7337.091201400332,782,64,4,0.10303916800314494,7.872251294679058,1
9842.500100130275,818,52,0,0.2180845342376096,12.651378525777492,1
10272.523130141915,454,36,9,0.06810395653369836,1.1976759769125367,0
6408.496557168418,391,67,4,0.46039396193136306,13.472355424046276,0
6272.54527806596,825,25,1,0.3271589319210546,17.32839241911401,1
7174.844908545068,754,43,6,0.40629438177321425,17.127211612564345,1
1094.2365057932457,809,66,2,0.16352067083261418,9.972800765230955,1
3454.426813404343,482,57,3,0.24235581913380044,9.465995419894066,1
12100.622802333575,685,24,2,0.48148590865427127,3.1987085680979366,1
12934.903140503851,704,47,2,0.6774467703597599,11.003949619388052,1
7252.891881330865,545,24,3,0.08277090284143598,2.98484006618894,1
9729.670889167299,770,20,4,0.6287498085559229,22.99787834136155,1
8933.750463630608,722,18,0,0.42497278085228546,28.988228932445576,1
17236.642425365713,364,53,3,0.41654771839115534,29.102233700001207,0
11358.72473430373,312,42,7,0.37518104788504414,25.952132981261816,1
7616.2472255577,512,54,9,0.0951061558377192,18.023764480188575,0
5133.378678198723,541,18,6,0.10841995362850443,21.025970917316396,0
3180.6610392272823,792,32,8,0.4405928036784059,8.556174080412422,1
8610.39090760167,512,54,4,0.2716230714331129,18.92311260517862,1
5730.947764147089,637,30,9,0.6462242432754924,13.669486483196323,0
3733.238871206978,472,57,3,0.31428384928365694,14.460520193307975,0
6060.28134727242,463,25,7,0.14313294815671668,22.73329681125474,1
4755.355989156815,764,22,8,0.5145672417763234,8.45755066791755,0
13061.424905217695,796,26,6,0.24067972393665638,9.541188350835597,1
10644.919270848352,694,18,6,0.3915556997813305,27.7392537338591,1
7976.082076050148,607,53,4,0.5035913105783605,1.6867288455291674,1
12439.832416670077,482,52,3,0.6351716722813457,14.569028952400211,0
8232.104922942855,809,19,9,0.5649242766210895,27.38402401223585,0
5416.147396015209,845,57,0,0.4896346941172706,18.31089023454471,0
12569.372231808971,526,40,9,0.4917615685568433,16.392212226363963,0
9616.730131053977,735,26,9,0.6648510186208562,7.492325376880657,1
4888.261537020631,721,51,6,0.24228566337274843,10.298264671933449,1
7428.983965749176,320,63,0,0.050722861227521815,25.561452474140786,1
5373.145239845729,696,31,0,0.22677046360882913,16.776543953053743,1
3851.600807106992,404,21,4,0.19162939675738355,15.442265812703397,0
10778.532642594924,491,47,8,0.4801924803240987,2.9873914062008677,0
13728.249921410392,316,48,5,0.4619125398475938,0.48084469365369364,1
3804.2972785425764,419,55,2,0.4357498987580704,28.91055566061147,1
9688.907710071713,692,28,2,0.06055823808614491,11.30958501860525,1
6048.072292634519,724,52,6,0.5237057353929208,18.09639186298513,1
6538.623848705912,428,25,5,0.26029476811556945,2.39145219561855,0
6222.818227283393,429,20,8,0.48228639285431013,20.493428571691396,0
5408.027690960552,328,31,5,0.41177597852639963,27.977001261178827,0
8145.564883834481,396,30,4,0.27277510152813966,17.26995758992259,1
5507.149650766887,309,62,9,0.13747457361767002,3.783459671262317,1
8811.370477339517,541,49,6,0.1113722834793126,17.451645824204302,1
7849.285671652589,531,51,0,0.5904869165229453,22.990416393139572,0
7283.155859400771,583,62,6,0.6469584023530126,12.192496097220559,0
5277.309013875207,499,36,2,0.47236223039679465,26.395132438244037,1
6269.686008295002,378,55,8,0.11723217465931418,19.460488600720936,0
10266.173677477269,472,33,5,0.3113176909773564,26.977467548676074,0
9502.751562873142,766,19,8,0.5238104800683522,18.705159337420117,1
5067.334265604347,715,57,4,0.5568835746065443,3.938639160144727,0
8297.996916287677,748,34,6,0.12684210448920757,9.290751333155674,1
10254.161370115367,386,72,3,0.05001996724949857,6.053848447573707,1
2991.7841566358848,400,51,6,0.5128890798223932,27.264794931505868,1
9630.080577139805,307,59,0,0.2817875143910336,22.81200201862448,1
6012.12872316246,499,33,6,0.21541286555186917,20.291951067300182,1
9711.796005779477,804,55,7,0.05838335536319154,9.028989588948651,1
5710.22253037245,386,19,4,0.4011946143949747,5.5213431615064055,0
2585.3536980064428,342,19,1,0.6032479780268881,22.693532639667353,0
3117.3726863505117,684,43,4,0.6724605700771821,14.22473837637239,1
8144.254839984146,734,30,5,0.4177342178986379,6.773686564518874,1
8779.167505164445,707,73,1,0.38439986303093115,18.498659344958252,1
5287.050124686774,782,64,5,0.1052866505680067,1.2100155641535593,1
9915.777376332122,316,48,5,0.4067673210026898,9.785107623847605,1
3015.4398131931202,447,51,0,0.2969864013275065,14.05670983773404,1
7801.76060405805,576,56,0,0.44463793257432493,4.438750023282175,1
4366.95140071263,531,20,9,0.3026721261197553,29.53963432772519,0
6044.491676593522,665,25,2,0.20619443024273837,6.272920937688427,1
8142.196013949242,527,40,9,0.11172742889844473,3.9105939012979665,0
5418.759904148143,735,31,9,0.2546969889827822,6.106046216606892,1
6846.333367310524,698,73,2,0.11281914228703897,23.071833994791728,1
11018.878427643322,510,72,3,0.16498301803558954,12.765169778155284,1
6269.324391430554,690,44,1,0.6917685030767048,16.96247819257614,1
10507.076336195425,798,71,8,0.33866731198930206,0.6302747095908223,1
4610.879436027146,839,46,9,0.3957166482282607,1.0329392571994367,0
9589.412533745848,790,56,6,0.61785204367919,13.374766494810485,1
12324.7058619737,741,70,6,0.697119785318947,24.499657296048706,1
585.0664996181322,560,56,5,0.42876439207404293,26.557166361226958,0
5609.31423358857,649,18,2,0.5781079836787115,2.6011970278692065,0
9731.21638154162,651,34,5,0.2625116658188389,16.150893063030683,1
7390.863841871022,819,58,7,0.24873357234073917,27.396890588378113,1
9113.437620113926,619,47,7,0.31175741864646406,11.639182631936592,0
6188.044439852538,437,70,8,0.48712972073787186,24.886974942851058,0
8259.7693624187,849,30,0,0.4934245980158141,4.010869631983086,1
7532.968293823762,667,38,0,0.254905632522143,28.06183469003396,0
11503.346184979422,519,36,2,0.13658645068880865,22.542699525939078,1
8763.262529903639,636,70,2,0.4610575667025805,28.24003178360705,0
9012.807986225607,522,36,9,0.13341181042269692,20.298517006575196,0
6764.369101632597,659,74,7,0.4260201303490645,10.90211795998281,0
6537.1813277825195,628,42,9,0.5007243832366008,28.145435175741675,1
6702.325436541138,762,39,0,0.5053974726563936,8.267003289275355,1
9183.356427134891,681,48,1,0.5397568719287378,9.965175661851976,1
6737.046557539211,468,34,1,0.6173586240176819,21.02425254005221,0
8869.32457068924,516,72,2,0.3749733447771124,22.95948898576159,0
14226.202395936318,677,40,5,0.5246619731942213,27.882104515474616,0
10613.374110295077,418,49,0,0.4524622779877938,6.1440722716862854,1
7021.929403496477,489,27,1,0.17131596086849366,23.939941056576718,1
11603.641766491834,669,27,0,0.06669826916511531,22.156381601908905,1
6775.773880935346,448,53,4,0.23495190069000693,1.913836687607936,0
1885.6263944664388,787,25,6,0.3379719091194526,11.61669423630621,1
4975.741067247787,673,71,7,0.45111886387862654,8.482963711802958,1
2387.624236922433,459,69,9,0.6024735648270835,9.134712730620912,0
6945.459547876074,650,37,0,0.17755971585900765,29.488406386641024,1
8055.255137568655,587,49,6,0.13160736343401008,19.283322404397836,0
13029.311936825849,587,67,4,0.6762619658583129,21.530284733804987,0
8980.782121292488,525,31,9,0.12022896359466462,29.298529119450276,1
7342.698413573407,822,67,0,0.3610191955696729,11.316053473729161,1
10488.216743550467,821,45,2,0.4306164237156462,24.055205053584178,1
1366.5940729763443,572,63,6,0.4018933735898348,13.035928899134861,0
8706.843674325697,701,69,9,0.10592090207141308,26.086010154449394,1
10312.5955816609,482,70,0,0.0870674941023526,5.419726239339095,1
3564.2412626604755,787,41,6,0.11856422784967319,28.43058531192839,1
11431.262129620787,423,32,4,0.4306319945171981,6.56315125232639,1
9015.489222483242,713,39,0,0.40382417696230866,9.786615209427946,1
6754.136258297596,471,47,0,0.20193151482388372,22.685767023203415,1
9898.345598318854,587,21,0,0.4645531921996344,11.8126542469622,0
14812.078573413188,734,30,8,0.583043876336172,18.2463413029934,1
8545.598765175486,412,40,2,0.07702632390028595,13.337205032082855,1
8744.661758901007,421,25,4,0.3737844633062275,22.271098112693455,1
6621.917301379268,843,35,9,0.4980517678667486,6.849937571058326,1
5450.466891605624,521,29,8,0.2140027525952966,1.7537396171063102,1
10491.007449632736,338,72,5,0.2500510884405469,8.997881924191987,0
5431.7485222733985,796,48,8,0.4488646369430994,14.229259946052908,1
8214.698711658177,532,31,7,0.633657940738429,5.040601565780357,1
6567.02765970465,829,51,7,0.5764508731968846,10.64391868969166,1
9436.939477239175,448,35,0,0.4290346424147292,11.999490548807056,1
9000.986315860844,696,73,8,0.5246441165422119,1.7217553106482064,1
11112.619832773697,601,51,5,0.2871346056350691,17.499217445526135,1
6469.950803435759,659,28,8,0.46662759326419245,26.530302839138624,0
7190.375194119886,537,58,2,0.353018034232912,4.552287388591573,0
5063.708852653078,535,29,2,0.1734584886974146,17.934240402045422,1
6667.120219771665,502,66,5,0.5061298780202171,19.942176147325387,0
9131.901479134556,555,32,8,0.41170201427673425,12.58004041257865,0
10270.965849936056,534,74,6,0.2831040282698344,21.0329276209281,1
5233.504027467124,644,48,2,0.64237047355111,12.32194630473036,1
10608.81776031698,833,66,2,0.06360717658737662,15.139118639323048,1
12066.913576414852,765,46,1,0.25525254831217237,0.2205913366328094,1
9240.304709671102,840,43,8,0.08697290855547027,20.751603424040663,1
13630.387437674199,512,35,2,0.5482427555440577,19.840280368341734,1
5678.632402689281,762,49,4,0.5063698451739651,1.1520263197903369,0
4266.035890065748,735,39,8,0.265378942178606,11.047503221853992,0
2663.839253287164,582,55,7,0.4891808864345974,29.370955223750023,0
12488.132934467549,762,34,1,0.30735919702736736,12.622096877058503,1
9963.096969062173,706,40,2,0.5415649644245822,15.058362153955251,1
7833.245987268635,387,41,1,0.3452193807788589,27.297904744791555,1
8839.90587895946,343,67,7,0.31798182309058254,21.517856275972694,0
4623.532858104871,760,25,5,0.6575744450673956,17.462103933726706,0
15337.255938850478,577,58,5,0.21307141492895515,23.934140440232177,1
8387.663545925683,720,23,8,0.12829077099776753,25.930987993679196,1
8328.184383814678,652,22,7,0.42995302361864773,13.706642152118006,0
10177.299871696076,814,61,3,0.6800591779847163,14.253250947955062,1
9443.02769521014,318,74,3,0.2955954889226713,11.581528069555073,1
8671.652072837394,322,46,8,0.090323896358708,29.001184200553816,1
5628.5766336640645,712,45,0,0.2705484237512188,20.914987628710513,1
9414.405071407988,329,28,1,0.3788555753077129,2.496691986242169,1
13646.0734894251,407,74,1,0.1552499543109389,25.888788699390552,1
12036.260138464933,666,18,5,0.4777664417367198,14.416798225088042,0
12779.55987991819,580,60,3,0.6985371028566304,2.062617192674624,0
6466.3529707064445,427,36,9,0.3436306593879384,16.491517654899333,0
5031.185539224258,528,26,2,0.28057356187463817,12.514928369271063,0
7622.639239701056,410,44,2,0.3104577084424033,26.332482145878746,1
8167.174736866084,435,51,2,0.12484501595688073,6.119838108281622,1
11282.574555412846,661,61,5,0.6241278409270454,24.79393828476549,0
2922.6061108555423,485,21,7,0.31963667608887875,16.730660735563582,0
12588.65095838184,428,53,6,0.3017283674261468,1.6383090964040714,0
7525.976304263032,560,35,3,0.47879867740480825,29.15535903976454,0
6719.35679015774,814,32,3,0.3373217236052302,15.378457323095997,1
4963.686874219497,748,68,9,0.4713517547250999,8.726305626947475,0
3035.429984402692,403,30,1,0.08994008858501187,14.082205259677743,1
10469.511751885744,782,36,0,0.5789201734194478,25.73573350552467,1
8219.953901565212,523,66,8,0.6613275693716116,9.147093731551905,0
4130.117300776838,790,23,1,0.4716975010036008,5.780291894601009,1
4114.763683809151,772,65,7,0.6704678537582269,3.8721374079264437,0
6992.645902129615,309,73,8,0.14843100434047612,8.935781951706337,1
13007.064575868179,704,29,3,0.36032052316222984,23.401442611201304,1
7221.225945909186,601,68,7,0.44117437706454066,14.148790955857852,0
3490.571140645681,530,54,8,0.4281288208237713,6.824448110806199,0
7262.770807742167,365,34,9,0.31095015640787804,4.985549988292476,1
7181.8292907569885,411,40,9,0.26975486608806987,9.981884295311373,1
-90.65992882471528,312,43,4,0.1324356146577722,28.197731186571264,0
7837.115400446563,692,46,6,0.3046325928654808,10.290801377700731,1
7307.196409373966,799,50,9,0.15572952981856533,29.64372227863906,1
10088.619094440255,533,44,3,0.5273376897199419,14.556913672960686,0
13546.868284836037,613,42,0,0.18574010807148345,5.374917548704526,1
11379.695088643271,311,73,2,0.088067448434947,26.73420275380528,1
7193.333928335508,508,72,4,0.40903798958120224,13.810661194044807,1
4680.42227377499,313,27,2,0.43689932626761097,21.290140305135733,0
15720.079409749582,717,64,6,0.6167434898323285,29.511347496274553,1
8177.655302043465,736,40,8,0.42503804807149315,1.50526050959922,1
8041.787875738839,676,38,5,0.2745625549202397,2.900836793627014,0
7927.624738669991,319,38,9,0.5719577229921083,21.613702243882685,0
8594.254282303566,369,60,0,0.4011812805718236,8.45475009886416,1
7566.918764228172,510,30,6,0.10153218501027464,5.529041908502972,1
6279.013979359292,400,54,2,0.41780286420361024,1.1808563945918849,0
6359.423176278824,431,50,4,0.6402120545240805,0.6554013595860542,0
7901.740189352005,680,41,9,0.3076032065738433,23.234568093593726,0
6369.725686598706,431,61,3,0.24261177123487004,4.0330028210865,0
5861.462651968507,319,28,9,0.14325514706171302,14.031618479134526,1
8319.290683075691,835,34,4,0.14843958925798223,18.17690445538449,1
7235.068347737434,526,21,4,0.33130146482218226,12.850554017065388,0
12511.978965748065,453,64,5,0.4371918857049941,0.8131995700869932,1
47.09057482096432,768,42,9,0.10240001336024113,23.505045077637266,0
11274.520555767385,704,47,9,0.6607195828663577,0.3153967362496046,1
11738.255577492888,501,26,5,0.5408368513393773,22.85669683132452,0
1779.8293027755517,337,38,7,0.43130554688438066,26.799134813643683,0
6971.937217758954,487,37,7,0.588485136110344,12.985197631715168,0
6885.677402012626,356,36,8,0.10212139192787364,16.066274192933946,1
3777.4649158465363,319,36,7,0.3599452705265308,14.309501778529613,0
5666.549937227373,572,29,1,0.45956053246008116,11.676258558703164,1
4668.272463602514,418,54,9,0.588624388976888,26.622736061110807,0
13256.811330270868,815,59,0,0.5592552140320239,26.818005320099715,1
10807.035179442384,520,34,9,0.23009501231370977,10.074490939246036,1
11814.665284982477,825,54,1,0.6615721102134827,18.45209262044094,1
10165.016192129706,814,71,1,0.1308247969300657,27.807226864375924,1
4612.844686348312,635,65,2,0.6188368521037488,28.861754968240547,1
6426.439201160679,354,56,9,0.681111162243002,15.268771212661425,0
9468.123683683754,799,45,6,0.1651497900947066,13.584744158529803,1
4333.616573324163,835,58,1,0.5193429417324604,8.360829477855773,1
10138.995290517163,461,52,0,0.076185587205699,28.7661561957123,1
7279.023805525595,458,64,5,0.3135248363404507,4.284429134186021,0
6875.537577351208,487,65,8,0.38558414447848804,17.39488728143175,1
10132.879904610474,359,35,2,0.42741939684126207,8.476508025559166,1
9332.78993445812,618,31,5,0.6583592113615636,8.370248710433899,0
6917.1015025427605,510,52,2,0.4869629467412265,12.149057621285653,0
11477.989410092745,705,61,0,0.362830668292504,29.963788074469637,1
4756.810017200309,408,58,4,0.576288773572828,1.648989205194662,1
9847.806820832791,375,24,9,0.6678463336203657,17.356254546105944,1
9779.30377390515,841,58,3,0.06434299664348905,2.4771647410583153,0
7071.360682058029,613,30,6,0.6886388269664251,4.63562489971557,1
8978.399066726353,416,35,5,0.10598589039139221,13.186888253186961,1
4246.659270844091,318,54,9,0.5793514065246949,15.313803940393239,1
10772.081057620704,731,30,6,0.23221758915841811,7.76377225093572,1
7445.293590671033,649,53,4,0.13591677754001663,9.493713926232486,1
6431.830938442881,482,48,3,0.33590616581399263,2.609010607677992,0
11147.027677510669,412,19,6,0.46857177664094873,9.096593515327516,0
5886.968928371722,482,33,6,0.29761869926525875,28.996753181416324,1
3774.616110909321,780,26,5,0.08546751538375433,28.34122145017445,1
3330.1124794282887,445,26,7,0.4396497407781657,10.04634870410955,0
9818.029854036919,412,55,3,0.6365621294719386,17.12561808836285,1
4158.7119425111505,775,28,9,0.29908998786571356,27.28786173332833,1
13264.382545953093,602,71,4,0.19061630546003755,0.18551467922690024,1
1754.211776348834,417,73,3,0.33767527485633,24.320507110127757,0
13089.369104870115,460,39,0,0.08143576218170756,28.45108658366757,1
8633.052401607856,700,50,7,0.5833169299121786,2.739772030006712,1
7709.860664388822,497,53,0,0.5871215271176213,4.843430580987631,0
6365.242739573151,559,62,4,0.4322003012292584,28.822389083140664,0
9197.408343056213,346,40,5,0.27951687780995316,16.12620430921039,1
7887.095892725455,698,62,5,0.5698591868897591,0.42589903415171104,1
11309.905646049565,377,62,4,0.4105465661124386,7.728959962905875,0
8342.682945986118,423,51,2,0.5868560005575105,13.498310228065789,1
8450.905284385633,374,26,4,0.46044821517896334,20.78726733074303,0
6909.163363358432,436,41,7,0.5598635575883182,21.994811344103987,1
7829.163128836798,699,25,1,0.43906594559154394,29.862645387763685,1
8923.405306676177,804,24,5,0.31919169434018296,8.625335981512771,1
2869.494822030123,799,53,8,0.6726648089519893,16.146603056054257,1
3955.443733682861,437,35,7,0.40172398617124905,15.99970643578815,0
10229.792282068145,349,20,7,0.4433081870513499,12.169357783417125,0
8512.596314383825,553,45,7,0.193316965619587,5.0748568152726055,1
7448.049990941962,725,23,6,0.4566730131277296,29.323696895515276,1
8055.30179919618,846,61,7,0.42154497216391346,25.59951559999758,1
9042.745116085012,601,61,5,0.1701449586655662,14.949990848827117,1
6380.720959071916,648,38,1,0.0887316132795434,18.097362680520895,1
5665.085823793062,348,45,1,0.44283355781460115,6.817831606789869,0
8587.535765293045,373,57,7,0.5463999750777083,16.313612111752406,1
5064.881667154904,560,71,0,0.3902108910993053,20.849103993644274,0
9224.758267143416,655,71,5,0.19740220645776968,15.455010851597663,1
2892.2491872864784,559,18,5,0.48323928485047263,29.708555117548237,0
11087.466911976931,594,53,3,0.10206872229624145,18.340249687431786,1
9417.79244723913,612,38,9,0.3371919081212704,11.12921137776507,1
8768.089202941626,481,60,2,0.1561883929589731,23.164560828475143,1
10948.07295183654,663,52,2,0.16989838318892417,5.1138753474492615,1
12996.423333387731,487,30,0,0.18149106695283235,11.535474411187996,1
11043.11019505439,842,74,2,0.30135958707858557,10.408768511327576,1
2477.3773060050644,847,66,3,0.08324763365325846,12.954212853233319,0
4161.269099792895,707,71,4,0.3085657366039138,23.45339477786179,0
6125.544266912963,713,71,2,0.3826098406245555,14.525190964902224,1
8078.273150632502,641,27,5,0.36414128522811134,23.820433507978883,1
9552.97706140737,519,70,4,0.29880966526197633,17.294667094195976,1
5822.768560539604,462,61,2,0.5954452952459891,10.26208303972666,0
8560.300293431235,519,64,5,0.14446235007332767,24.299362310504172,0
5733.851202940032,569,70,5,0.37870288345789305,7.148690116592747,0
6165.446591024155,699,27,7,0.09032692102176029,6.731489393993865,1
3780.0167094553335,481,63,1,0.09625119127064133,15.135087721645073,1
5230.3002616672875,504,30,0,0.4230128022901125,7.825477378862668,1
3944.946183150999,527,54,3,0.41791197617708353,0.27261104853648965,0
5072.380241068002,549,55,6,0.6207217833488969,19.448925818964046,0
11160.925389823518,740,41,9,0.4126178891790475,15.33281464417194,1
5151.803333504171,832,19,2,0.6738641632631526,13.365534434794835,1
15897.146194512174,495,39,2,0.08165165145995434,29.00905543854946,1
9479.953702642668,818,34,4,0.1137049951074817,17.13597551888741,1
8554.508371084621,369,53,4,0.07864281002074791,25.902947333681535,1
5424.92665945636,698,31,9,0.170429952716801,4.183507086154805,1
10100.929638226975,502,27,2,0.4018255721120907,17.07619389388283,1
6273.086521286678,447,52,8,0.46962191792782815,26.039388801927085,0
8366.029443936084,771,42,3,0.07963035266663472,17.49317271839694,1
15680.253614806385,498,20,2,0.6648810783996395,21.540425343810046,0
7711.820300826051,725,64,1,0.5974074948227477,11.16130703436622,1
11447.819978857027,791,55,9,0.2427981134021105,2.773485511111998,1
5890.470724622338,441,34,8,0.10017189464720416,13.737008853812142,1
7895.034528509115,612,29,3,0.1604265975923872,11.834381725165725,1
13312.401906906529,464,71,2,0.13251386894073225,26.01180547136842,1
6119.098826636698,613,69,6,0.13013445654431544,7.319859070574167,0
13437.345673990785,320,41,7,0.387065097632727,29.002026826053243,0
10123.255806366426,381,46,1,0.20980083762071017,28.744143594134883,1
6312.5996723171975,430,60,6,0.2827908157439439,7.428949292143161,0
9897.223217166564,604,42,4,0.6931784666998095,10.441558664319615,1
10917.663348880189,670,53,4,0.494804261801474,26.86667222621655,0
9865.42988665159,683,43,2,0.6668374335805508,28.998666626883224,1
3289.325840328631,744,55,4,0.14266176077152512,13.30317308508132,1
5818.5884725253945,724,18,1,0.29839065864117,9.629911369226935,1
7257.444093345486,460,37,3,0.41057567213353025,15.782820397546262,0
7776.699712699861,477,72,5,0.09989274022767972,20.633076190972044,1
9862.016292652033,789,45,0,0.05272183835817262,8.204235461249393,1
8533.103002799762,626,33,9,0.48578231696799634,22.094195238572183,0
3993.966923869696,588,64,3,0.4671826859209329,1.549720713439231,0
9140.59355301789,653,34,5,0.3170127264997476,1.4788347829324933,1
9831.75723585147,327,57,8,0.36826864942082116,11.588631154366357,1
9679.37134379312,342,45,1,0.3200379503848582,10.604195761821618,1
11242.342176663866,722,29,6,0.06560327914917775,9.468996461014568,1
10501.766463646713,476,44,5,0.26799154404135056,14.7305928800673,0
9377.54023768531,828,71,1,0.1651034660082384,9.622007469347137,1
7789.502865624059,793,70,7,0.11397572291588967,5.767737554042758,0
3017.1171994520255,497,59,6,0.6718682820280774,9.284086472658027,0
9288.854657397758,816,64,4,0.4395838212774076,29.247128184307048,1
8623.063061489334,813,47,4,0.5236265847537916,12.333402509845458,1
8814.736511586121,321,58,6,0.25498643312297636,13.341383305750073,1
4169.754272539072,411,51,8,0.30554563417110986,17.2963496985342,0
4756.830378775213,356,54,8,0.20400059603287024,29.500223052426797,0
11159.458559998711,365,23,8,0.11302768612752608,7.248038293072891,0
7881.334538430035,397,24,5,0.16637056433702946,20.438463315973014,1
10044.502092117873,443,49,9,0.5683841294427158,21.479540806251723,0
8084.955128391383,734,49,5,0.4904047733694542,18.219732503791978,1
8089.268418487236,385,70,2,0.40550376939055993,2.657350189099322,0
10814.851417927994,643,42,0,0.3588084173633992,20.306168274827293,0
6451.865815347878,593,50,6,0.6495822843764809,1.9228413310852643,0
8288.36233082295,542,72,3,0.09727771605613446,17.884279486496908,0
6613.174133884872,331,24,0,0.23239052860464537,22.18743531665228,0
6696.5113177030535,690,69,7,0.2774596048209641,6.329096718598512,1
7072.483629594082,576,74,5,0.5585767779383121,25.24866022628322,1
8666.401314901139,831,29,5,0.6951345031052814,0.9106141659901279,1
6563.754135009568,453,33,1,0.20643583459214948,25.314385909749184,1
11767.268376720562,682,33,0,0.6182997671891024,13.809871519282952,1
5316.178093341488,367,60,1,0.5899047942806643,6.527638197949335,1
7439.385067515923,513,70,3,0.19602730846714828,4.01334434981904,1
6680.806825177475,675,53,1,0.30956617712949464,28.599215027471175,1
12340.933653061198,512,30,0,0.3162873650401374,2.179967627434701,1
8589.664329534724,378,24,6,0.6858434345422628,5.97280259807777,0
11095.533618405905,680,53,7,0.1675797358962839,10.43467042299138,0
3543.3188808890845,357,64,5,0.5694526812181083,18.607045468833615,0
8801.150797607777,325,68,3,0.2672252642125214,16.34403255828295,1
10668.892386870311,746,26,5,0.5250657247545042,3.7693047723694195,1
8246.851967826273,365,49,2,0.3230071527921808,8.691839512146439,0
11196.441125196054,553,28,7,0.42593384602575096,7.162553132580722,0
6448.134649698884,343,25,9,0.5911976526619852,6.406285634710241,0
12228.042320556739,396,50,1,0.5727076172395247,12.334330094399611,1
14896.694370857751,526,40,4,0.6131750693008051,21.120943577749706,0
6911.484318681023,735,42,0,0.08875126147402837,6.523587966517078,1
6663.492435797685,678,73,5,0.49983285947583406,11.000366391089443,0
12360.153431353103,477,25,1,0.14099179486914587,11.727522805234868,1
12738.716437192137,726,62,3,0.3202820692119671,29.293695883062306,1
6431.419918540195,606,39,5,0.40658246978554746,28.639990706372068,0
6739.439548712428,803,21,9,0.31178066508543995,24.00412748256228,1
7154.646173418479,567,57,7,0.3877475892719548,7.249767624575555,0
3966.648466897169,307,20,7,0.6977421007191024,2.0411194227500906,0
5244.044160547405,807,46,5,0.13789125391335555,9.507124131618742,1
4987.577699743797,775,58,3,0.48904642946867655,8.003836483014926,0
5696.6073046876145,596,46,7,0.30740062815064984,15.177774004391816,1
7895.9453378396565,463,51,7,0.13645636928976368,23.331837302033794,1
8702.644197609563,784,51,9,0.1531788961933012,25.74968816636574,1
12651.501478442231,371,45,0,0.667027519059651,25.345922562315256,0
5004.937877783627,537,30,3,0.6217409728626453,10.790266836692034,0
10952.967195429752,403,32,3,0.6395772742697642,20.61703030382049,0
7358.033467323473,509,40,6,0.6944963042878012,9.385025925726602,0
7851.608871042701,767,61,6,0.18540500350553668,1.8271662970554814,1
10024.45847649981,753,43,7,0.2810355692866401,21.046957968088268,0
4631.833935313104,567,21,4,0.4849923694511633,0.29482657709363536,0
9147.229238552152,685,43,6,0.3644716509094207,12.275477623754657,1
8499.356624639167,686,57,7,0.3219531966959167,9.881378079062271,1
9477.353792024447,558,26,8,0.28257731206813547,20.801326155565572,1
8867.505931723454,582,72,2,0.43595741076324385,22.98736418281137,1
15365.900419732683,339,22,2,0.42413572861605325,9.122839079138515,1
6086.780047246052,785,73,3,0.15494759214175605,24.348810433345605,1
6407.009134994547,519,49,4,0.35663089438698536,8.817502815148012,0
6130.5784207257075,428,37,9,0.40975665453640236,13.389790799596836,0
6333.568642519236,819,67,0,0.42068651017540376,21.810555810424017,1
6087.838618080446,559,28,6,0.18656967539302866,20.787606876743656,1
11567.049593322656,665,32,8,0.5324764049639864,29.621054169366,0
12261.512743969564,843,49,7,0.06637941163369526,6.754830726477956,0
6287.761118751571,823,45,4,0.2806407061030557,19.869537406187472,1
5502.9332806873135,315,39,3,0.5571382215481617,18.29045724827332,0
9414.246669159213,428,58,6,0.41653039868601144,27.452953634700897,0
6343.330867157087,408,34,4,0.21975558113205912,4.690864249346252,0
9898.795453266532,832,43,6,0.501719527572981,22.55394490760799,1
8608.7690625539,568,61,0,0.41880411370144766,17.04805848806305,1
3452.7676550083042,461,24,0,0.5675583461466517,8.239976093637162,1
12642.515603990185,559,59,9,0.5277663710233852,14.233047424415222,0
13387.633019286564,401,74,2,0.44657014932355243,10.013297912093934,1
6161.633928546841,805,43,1,0.36731548895202903,17.379402083653826,1
6836.895320192048,546,42,1,0.1365683816838902,26.670018324439976,1
8857.596172174715,836,27,6,0.21986646162549944,17.07914953236606,1
9003.370369961074,430,62,9,0.32241465739610536,18.95167254979752,0
9975.632818018492,652,36,1,0.4395445365541526,15.562435413441284,1
14030.613616299048,495,28,3,0.38391010588994806,1.5349651933642772,1
7469.158317517852,681,30,1,0.23731994187369415,6.985756706282827,1
5605.108266384639,526,70,5,0.05420183256331186,14.760051882962482,1
3862.042315956418,775,25,7,0.37255549423552903,9.307058512341143,1
5807.209880174243,776,57,9,0.23565689256545796,5.452907932835826,0
7900.619081378609,564,21,3,0.5274953954618478,15.12398525755315,0
13383.673590553364,671,64,4,0.06556507242581427,9.68429380343551,0
6447.166102891486,785,48,3,0.430138077348764,7.7432292952024415,0
8671.363854916695,733,45,2,0.6619582543789425,13.919562523211424,1
7950.731311781744,510,28,4,0.16336602362247465,3.9985277424651944,1
11565.179820344252,676,60,8,0.35657216898788696,27.832371992262217,0
15580.797277620866,694,18,7,0.1094242946811398,26.031062937577172,1
6407.393681239038,749,66,7,0.4566932429698791,21.22861757221606,0
6531.681672445334,663,64,7,0.4078455923875466,3.186414827653686,0
11132.482631207216,756,69,7,0.31478759073834095,23.27631763409079,1
10045.674468878935,525,55,6,0.3888950639579317,24.23871984327057,0
13540.1219772081,430,41,7,0.6327735280048565,23.03293853143013,0
9751.784555977893,775,71,7,0.17759129650219357,3.418976613577235,0
6922.123727638822,576,74,7,0.0646669326084757,19.317238712032943,1
9771.964492076928,455,64,9,0.6100821750544156,25.029743872481955,1
11326.110741748724,517,48,6,0.42512610355213915,17.32060203659003,1
10461.446543592092,489,58,0,0.6289279960501976,19.39222125684267,0
9521.822093321893,716,63,3,0.4380143952185621,13.750904382789185,1
11200.024068767461,845,67,3,0.5766047084738066,15.861219596521579,1
11507.886771337018,340,43,4,0.32928768618084614,1.0313057505517564,0
12146.476973112582,606,66,9,0.5374089553373746,19.16889065919854,1
9946.129662768928,637,67,5,0.6434769534784064,2.443416386734776,0
7498.645759049437,613,22,3,0.421879926419434,13.050437830206702,1
8440.14105929997,374,37,1,0.1675103478655467,8.779652930022234,1
11619.52689952507,578,69,5,0.2247184497696288,16.36283850635139,1
5549.192987038292,475,58,7,0.17911897498331375,4.002490065696213,0
9106.019926618703,572,28,7,0.21045706793722635,20.749302059199547,0
6819.983563017918,588,73,6,0.24917004207817361,23.85034610785411,1
8086.234468804452,571,71,5,0.41083696138957243,4.900633492294695,1
11835.355587821896,365,50,1,0.43219455915149124,3.129392620556465,1
8573.29720405971,782,67,6,0.32722483570720967,4.365464483620775,1
8139.309644468446,547,55,4,0.450023506883543,26.313826856955053,0
3920.431577060242,455,44,5,0.10302370164738785,15.845677852690685,0
10238.760698081662,346,51,9,0.10706235408780397,14.017829880225078,1
9936.452543423226,753,32,7,0.16168914923247799,3.2013545730706285,1
14489.76416991638,500,49,7,0.386750373726224,19.486680202708854,0
7076.665295140998,423,38,2,0.18909654115390379,26.039987756852696,0
8657.450982991817,300,63,6,0.23413486227017521,24.845576079703587,1
8748.151051132267,490,22,0,0.3102033435124461,18.78164126942404,1
12732.359839290424,815,23,0,0.5777129806067469,2.258361499550209,1
7714.113402839143,741,55,6,0.059010388343359074,3.3719108152803887,1
8837.064577311017,442,39,9,0.4720962331538045,1.4792696132947403,0
9823.689529149618,490,35,8,0.4847697451764454,7.724376494774079,1
8559.827369469074,832,31,6,0.5691262572318138,4.069844014811332,1
6660.699156348415,526,27,9,0.6562894103892035,7.801441207573017,0
8582.269978694923,612,63,4,0.06308960181703839,11.55174167156885,1
11220.895249579316,601,30,7,0.14995940858359053,28.28948352213407,1
4920.45410176682,759,48,1,0.6260113411363954,18.31128179345076,1
8398.909022440628,700,47,8,0.34803706542155993,25.04921357048887,1
5899.63755518248,692,20,5,0.4169839153067512,21.31054502136997,0
11585.139886774527,506,47,8,0.48096768242004573,3.3750939157989523,1
3430.4392856486757,509,23,1,0.4913932929221642,22.077612191218464,1
6323.234458185235,414,46,2,0.6556312621557303,8.252966446773733,0
9131.635625193563,550,25,7,0.6980171213175852,19.17323540984119,0
12696.572087703022,518,61,0,0.5181023496051111,10.228859209289656,1
7802.749216781037,706,62,9,0.236693785983348,29.930167897939775,1
6334.401419920405,742,60,6,0.6218390614913233,7.906544384903334,1
13643.471208321771,653,61,6,0.08199359445149504,8.37391412322809,1
3655.9582987512676,849,50,0,0.2002025543684225,27.920167666871947,1
1403.5821301397546,441,34,8,0.6333007163514146,0.7393321390896801,0
9320.043350159996,800,65,7,0.2165244843855807,20.900669636195907,1
6493.837326942166,846,28,3,0.1934231887541365,21.759791722076343,1
4936.30154860786,841,30,9,0.1397814405411607,25.09135732231198,1
10125.069341898059,806,67,4,0.6084226424704957,29.23317931915426,1
8731.402141313596,580,28,1,0.3750378684742063,29.268057574699572,1
6307.764107789815,723,48,8,0.48868058198520054,1.9583027269939168,1
4159.086803987317,569,45,5,0.20539314964876926,24.655179682587075,1
10617.371984840434,453,61,2,0.5427262736572906,19.38929800972144,0
9950.603533875983,382,23,6,0.544003604225364,19.420264031192737,1
7702.472408661852,725,58,8,0.25318871619039507,3.850497798440844,1
13539.910988142998,574,33,2,0.3169437114566838,19.5056149933696,0
4789.745701021542,583,21,1,0.18629868032963054,29.474477418037434,1
3423.424487225783,472,52,6,0.6847646651598878,27.35455708618341,0
5924.275790356267,626,65,6,0.4696416750879675,13.173919824145516,0
7863.241950933507,362,73,3,0.657453522465085,1.1984391985828302,0
8730.018347968076,372,43,8,0.2472006033589365,10.868804700006145,0
7276.29182643101,674,74,7,0.5582290934479783,24.791709348016656,0
9056.16618954289,807,29,0,0.5478081185250823,21.044973043954982,1
4245.3817274286685,697,28,0,0.4995761737132519,13.780309667818692,1
12331.293812219777,419,54,4,0.6776653339234202,1.6530460547649328,1
7753.546464822293,736,42,5,0.30581096846910505,12.806841834699078,1
11351.887494764384,764,35,2,0.13496626033334225,14.070748191536506,1
9028.176039133112,585,36,8,0.48661075850863944,27.85666598682408,1
9370.259657461353,564,40,9,0.524051370310184,19.232583107464784,0
9709.301840696611,619,72,5,0.4237893727482295,9.349587499639467,0
9343.125680051944,675,55,3,0.18443163053670758,15.759547933521642,1
9928.168279602633,388,71,6,0.37789636208508093,1.981659234664802,1
11987.457590397295,502,35,7,0.25292332876993406,29.177047069492104,0
8589.56350910441,633,43,8,0.32785324330834786,10.80179705792178,0
10127.011272765536,521,23,5,0.46939207429903146,14.336020647394074,1
7730.79291713832,340,21,5,0.5343895827490424,10.658519227107679,1
12320.35164634842,367,61,7,0.200946049085873,20.475351903486004,1
5970.823093822191,813,68,4,0.31346148442051963,19.866964749887792,0
13402.821298732448,426,46,2,0.22495502114455895,21.45966931587407,1
7879.52614806697,554,51,2,0.1791105490102149,8.044296888357625,1
3707.6746936458558,315,34,5,0.5592016929972949,9.47005443492198,0
8384.313244732368,776,60,1,0.641014251384045,3.7575369328862385,1
5956.845027575358,361,60,5,0.29065092069497483,19.665299155383376,0
10521.930646966171,731,70,5,0.5383313008429484,1.1939138200695765,1
6042.128062092827,567,33,7,0.6330469380868672,17.930470065703773,1
6661.449700355661,334,19,6,0.5999807368446505,26.090876545549015,1
2331.377807163407,793,51,7,0.1688287025504968,26.724964448689008,1
6643.08104225277,768,72,8,0.6715897229836848,13.471132811098851,0
728.3620201131298,624,25,5,0.2948396862791506,13.779110646392214,1
3248.29152954283,603,30,2,0.2705064297629936,2.309075490240521,0
10281.243968432893,575,59,9,0.09058036273055722,20.122950763291072,0
10357.400475952496,500,25,2,0.3660128751681739,24.637782611185365,1
9276.372685354894,744,47,0,0.12085885016660365,7.339651638141391,1
5099.071570612361,623,49,4,0.21155088360282687,12.639026449000939,1
7856.865931574061,334,53,3,0.2560127041487329,25.16518010295811,1
7989.192382728294,781,64,8,0.5757371102695946,26.313614029868642,1
4524.905932422372,779,47,8,0.6190676227573327,7.295399407926778,1
12510.19490530145,364,18,4,0.24660310634995525,16.517119036240928,1
10632.086871727013,307,60,9,0.608153778808973,5.774794519074812,0
7337.107478511009,600,56,3,0.6072001092903642,3.056362924186696,1
8080.657516983592,642,34,6,0.5470231177501678,27.333615041758726,1
8625.148423842658,730,37,5,0.145351824109868,24.615225126963274,1
1874.795394727128,723,41,3,0.4987098504854738,22.801047054095218,1
7258.467852438209,631,67,9,0.6642656419773697,1.4629895643942126,0
5954.047256006605,737,39,1,0.493651311198652,25.311863781307725,1
4995.139970315253,473,46,0,0.26555095192009204,13.141322277161512,0
7156.699121342135,826,39,3,0.3753765563300403,10.27185369887579,1
13393.059580548568,325,61,3,0.46972127817818476,16.394290830761292,0
9922.52858380103,705,26,0,0.38187076567352723,2.740597281706675,1
6286.46303065161,531,54,5,0.12796941212513036,22.699396480571966,1
9717.748344068475,832,27,3,0.2528416290238134,17.473052306648878,1
