RPM,Load_pct,Temp_C,Vibration_RMS,Pressure_kPa,Current_A,Acoustic_dB,OilParticles_cnt,Failure
1826.2,52.93,29.51,1.648,254.58,9.982,67.42,84.2,0
1490.0,83.49,35.36,1.966,285.32,12.39,67.38,73.8,0
1937.6,26.79,33.01,1.458,225.16,9.139,63.28,37.0,1
1985.1,64.44,28.34,1.706,256.85,12.471,64.91,90.1,0
1262.2,84.16,32.97,2.499,300.12,12.514,65.51,93.5,1
1424.5,93.98,37.89,2.337,288.89,12.967,69.72,108.3,1
1782.0,85.81,41.32,1.939,276.84,14.392,63.64,82.9,1
1670.9,22.96,18.2,1.141,197.87,7.501,60.82,68.4,1
1745.8,49.82,22.13,1.523,258.43,9.638,59.31,85.0,0
1536.7,23.9,33.79,1.232,215.23,6.633,56.56,61.3,1
1969.8,28.74,19.93,1.495,211.82,9.357,62.48,64.8,1
1944.4,74.02,21.82,1.999,278.82,12.697,63.6,88.2,0
1766.5,77.06,27.62,2.116,277.97,13.632,61.8,95.1,0
2031.8,81.9,32.39,2.296,294.01,12.0,67.72,92.3,0
1866.9,89.24,29.15,2.127,274.7,14.131,70.43,103.7,0
1535.2,79.15,25.6,2.029,272.86,12.16,68.27,85.3,0
1842.2,84.07,22.34,1.888,277.18,13.301,64.56,77.5,0
1510.3,23.92,22.64,1.394,192.91,6.685,61.31,86.5,0
1969.6,38.76,22.49,1.504,235.0,10.201,63.95,66.5,0
1737.5,69.75,42.93,1.5,261.54,12.04,65.34,77.7,0
1703.8,88.65,33.93,2.086,292.3,13.022,65.32,92.9,0
1579.8,20.36,27.3,1.106,223.31,7.846,60.1,64.4,1
2055.6,61.17,22.4,2.198,250.58,10.74,66.23,80.7,0
1711.4,74.18,28.81,1.688,265.65,11.548,65.09,85.9,0
1642.9,22.37,21.83,1.005,207.79,7.404,59.42,63.5,1
1662.0,52.11,12.38,1.819,250.43,8.969,63.6,80.9,1
1883.1,91.65,21.57,2.485,285.45,13.982,70.45,73.4,0
1841.4,73.73,20.07,1.867,263.43,12.705,67.1,105.8,0
1853.2,39.01,15.91,1.373,235.27,8.803,62.62,70.4,1
1857.7,88.22,24.3,2.302,288.9,13.374,70.29,100.5,0
2285.4,47.84,36.37,1.597,221.05,10.203,62.05,62.5,0
1648.4,88.27,25.61,1.926,276.12,13.157,68.6,87.7,0
1621.9,43.92,36.66,1.519,244.71,9.009,63.48,67.8,0
1546.6,67.23,33.54,2.204,263.89,10.645,72.37,101.4,0
1904.0,51.76,34.4,1.634,236.01,10.926,60.7,72.1,0
2032.2,41.99,20.92,1.671,229.02,9.603,61.56,82.3,0
1721.5,90.92,34.89,2.357,289.22,14.459,67.99,89.5,1
1540.0,35.01,32.77,1.809,227.89,8.618,64.08,68.6,0
1543.9,26.78,25.85,1.28,201.28,7.381,64.82,64.6,1
1912.6,47.35,29.77,1.638,230.1,10.687,61.64,89.2,0
1935.8,77.41,32.96,2.383,275.08,12.757,68.66,72.5,1
1885.8,84.59,28.54,1.949,280.71,13.339,67.66,78.1,0
1583.6,99.9,24.04,2.586,304.45,14.54,69.75,81.0,0
1808.0,43.71,18.4,1.349,222.61,9.163,59.79,62.5,1
1779.2,52.64,29.56,1.628,246.02,10.164,65.91,70.1,0
1804.7,30.95,30.09,1.272,225.87,8.427,63.47,52.3,1
1967.9,65.99,24.82,1.82,263.08,10.723,65.46,76.7,0
1805.9,99.81,31.7,2.194,300.88,13.882,67.18,78.0,0
1919.7,76.07,32.81,2.118,270.52,13.057,66.21,79.2,0
1766.9,67.62,35.76,1.977,254.46,11.569,64.78,97.5,0
1822.3,51.39,35.74,1.609,241.09,9.376,64.26,81.7,0
1907.8,93.22,37.4,2.335,301.95,12.682,67.2,98.5,1
1385.7,59.75,21.87,2.073,250.75,11.415,63.39,73.3,0
1670.1,30.75,38.54,1.179,209.78,8.326,58.54,52.5,1
1632.4,49.23,21.54,1.743,235.14,9.432,61.95,66.3,0
1590.3,25.37,29.85,1.431,212.05,7.706,61.93,67.0,0
1681.2,36.16,23.36,1.788,220.4,7.937,63.18,82.1,0
2123.7,21.41,24.62,1.364,209.58,8.941,61.53,74.7,0
1533.5,56.26,14.86,1.748,251.7,10.049,64.68,86.5,1
1992.1,70.76,27.93,2.17,272.03,12.724,64.55,80.4,0
1329.3,47.46,18.97,1.971,248.34,9.407,67.24,78.7,0
1666.3,53.63,32.57,1.591,252.32,11.064,62.44,75.1,0
1790.7,96.74,40.45,2.223,288.61,13.934,65.93,95.2,1
1896.6,80.16,24.72,2.201,268.96,13.071,67.17,111.6,1
1927.8,63.27,32.31,1.767,255.32,11.671,60.29,65.1,0
1948.3,42.76,24.56,1.539,227.71,9.993,60.86,71.9,0
1662.8,91.76,25.18,2.26,281.01,13.462,68.75,107.8,1
1634.4,38.81,31.41,1.624,223.04,8.849,59.19,58.7,0
1964.5,46.03,30.05,1.571,231.44,11.046,64.9,69.1,0
1702.2,92.73,41.69,1.953,285.9,12.826,68.62,88.9,1
1431.1,62.36,22.42,1.703,252.31,10.673,62.94,79.8,0
1466.7,79.39,36.5,2.029,284.69,12.076,66.08,74.0,0
1520.1,67.26,26.99,1.796,262.31,11.392,66.44,90.3,0
1874.3,72.28,37.18,1.96,286.5,11.649,64.08,93.7,0
1785.6,43.95,27.07,1.309,234.1,9.741,63.29,78.3,0
1922.6,39.31,27.99,1.422,224.85,9.216,60.53,63.6,0
1643.2,45.8,27.16,1.456,234.99,8.608,61.24,75.6,0
1789.6,32.44,21.59,1.252,220.97,8.64,59.38,59.9,1
1906.4,89.95,36.04,2.473,291.42,12.692,68.27,93.0,1
1672.7,42.66,30.56,1.601,247.81,8.295,65.0,96.1,0
1864.2,64.92,33.16,1.868,251.14,11.39,64.05,84.9,0
1584.5,83.36,40.64,2.114,286.9,12.796,63.41,80.0,1
1659.2,82.71,37.35,2.048,280.91,12.842,63.51,93.0,0
1654.6,55.07,24.63,1.752,233.52,10.651,64.45,66.3,0
1451.0,58.1,27.74,1.998,255.89,9.19,68.42,70.3,0
1871.7,99.58,25.35,2.255,309.63,13.271,67.79,88.0,0
1632.6,73.97,25.69,2.009,261.9,12.984,64.48,83.5,0
1753.1,85.17,27.98,1.775,282.13,12.188,66.19,99.8,0
1870.2,92.2,44.11,2.311,276.84,13.863,66.53,101.9,1
1861.6,83.01,35.24,2.249,269.54,12.34,65.73,97.8,1
1916.3,34.81,22.86,1.413,230.16,8.999,59.78,59.7,1
1725.4,64.97,37.46,2.067,254.24,10.793,68.03,79.7,0
1644.2,28.15,16.3,1.175,204.91,8.483,55.47,69.6,1
1730.1,72.23,16.3,1.932,268.52,11.841,66.49,80.6,0
1328.2,96.43,34.92,2.579,291.53,13.023,67.28,96.4,1
1388.2,61.02,24.28,1.99,249.46,9.89,63.97,87.7,0
1419.3,54.64,29.65,1.867,251.48,10.201,67.49,76.8,0
1500.7,22.87,15.79,1.359,198.15,6.852,59.69,68.4,1
1849.9,96.78,31.27,2.459,288.9,14.099,66.38,114.6,1
1523.6,28.24,35.14,1.611,215.12,9.609,62.03,67.8,0
1655.5,23.29,32.24,1.225,215.7,8.578,61.42,77.3,0
2074.8,39.69,31.1,1.777,237.53,9.931,62.42,80.1,0
1660.9,25.24,22.14,1.145,204.97,7.879,57.19,51.0,1
1934.4,56.41,24.11,1.909,255.19,9.534,62.6,70.2,0
1516.6,61.29,11.12,1.792,247.27,9.876,66.57,73.9,1
1698.6,45.01,28.61,1.68,248.62,10.319,63.22,67.3,0
1512.5,24.08,29.88,1.683,199.82,7.215,63.36,67.6,0
1665.2,28.93,14.01,1.283,225.34,7.81,60.48,74.0,1
1960.1,50.76,25.4,1.401,235.66,10.172,60.81,88.7,0
1318.2,24.84,17.78,1.436,225.92,6.918,64.84,70.4,1
1858.6,75.86,21.82,2.209,275.76,11.441,65.74,85.3,0
1809.4,36.56,26.52,1.479,215.75,8.954,61.13,50.8,1
1601.5,44.17,16.99,1.619,228.82,8.85,64.99,75.9,0
1388.5,51.53,32.26,2.013,248.09,9.316,63.16,80.4,0
1768.0,53.33,32.5,1.687,252.42,9.816,62.16,80.6,0
1617.6,20.13,25.67,1.391,203.59,7.792,61.19,86.5,0
1808.2,28.97,10.0,1.419,215.12,8.236,61.55,81.1,1
1755.5,89.02,24.44,2.368,292.89,13.02,67.66,103.2,1
2150.4,20.1,34.7,1.476,205.17,8.367,65.69,56.3,1
1690.2,60.65,10.91,1.893,242.44,10.707,65.07,77.5,1
1494.1,59.16,26.82,1.846,244.49,10.31,59.4,80.8,0
1794.8,46.65,19.25,1.445,237.86,10.059,62.83,67.2,1
1805.0,54.51,34.23,1.918,255.13,10.816,64.38,85.6,0
2089.8,82.45,27.68,2.341,291.86,12.847,66.92,96.5,0
1958.8,87.3,27.24,2.397,290.99,13.241,67.7,84.1,0
1839.2,40.83,33.4,1.502,231.29,8.886,62.18,85.3,0
2115.8,45.8,33.4,1.692,240.95,9.513,63.04,77.2,0
1452.8,39.4,24.32,1.63,221.94,9.316,63.93,56.3,0
1590.1,58.39,32.49,2.019,248.84,10.778,63.74,82.0,0
1518.4,74.66,19.47,2.189,263.0,12.014,64.1,92.1,0
1652.5,38.26,31.31,1.195,215.92,9.132,66.98,80.3,0
1405.8,46.46,20.35,1.74,238.42,9.4,61.92,73.3,0
1908.8,94.43,29.67,2.611,294.8,14.131,68.48,107.0,1
1694.4,23.89,22.35,1.171,214.16,8.416,57.41,67.3,1
1382.3,56.86,20.56,1.677,252.6,10.728,63.65,66.8,0
1496.1,76.92,30.37,2.441,274.25,11.84,65.21,77.4,0
1828.4,32.04,30.5,1.446,222.9,9.473,60.86,81.1,0
1959.5,23.79,27.44,1.314,208.21,8.25,63.06,78.2,0
2249.2,31.06,16.29,1.609,220.57,9.363,63.31,73.8,1
2478.5,93.51,33.06,2.948,286.4,14.378,70.73,115.4,1
1853.6,20.74,32.37,1.113,207.85,7.911,56.53,74.5,1
1502.6,35.07,11.9,1.696,227.43,8.116,66.51,79.3,1
1217.0,22.5,18.03,1.645,201.65,7.688,59.87,58.6,1
1816.9,28.85,30.4,1.323,215.04,10.082,64.21,85.3,0
1546.8,69.61,32.98,2.029,258.55,11.141,67.25,91.9,0
1646.2,39.33,26.92,1.447,222.99,9.085,63.12,68.6,0
1597.0,65.54,42.99,2.062,249.64,10.822,63.51,78.6,1
1714.8,67.22,31.71,1.707,270.78,11.049,64.15,86.3,0
2016.5,87.95,32.43,2.089,294.07,14.23,65.05,76.6,0
1789.3,20.38,41.21,1.229,208.75,7.266,60.59,71.5,1
1710.3,88.27,27.33,2.25,301.7,12.737,66.15,84.9,0
1491.1,69.53,21.32,2.122,261.92,10.351,61.5,90.8,0
1331.3,33.02,28.9,1.691,243.88,7.768,65.0,66.5,0
1628.4,81.83,29.85,2.077,276.38,11.4,65.6,88.5,0
1736.6,88.44,22.76,2.255,288.17,13.441,65.71,86.9,0
2192.0,40.34,21.35,1.752,225.23,11.349,62.1,73.0,0
1782.6,93.5,40.93,2.156,295.18,13.293,67.14,114.6,1
1995.7,56.36,29.33,1.795,254.31,9.754,62.08,94.3,0
1625.2,68.27,22.63,2.227,261.02,11.877,61.45,90.8,0
1453.8,98.77,34.09,2.258,312.74,13.169,67.81,97.9,1
1508.7,48.92,30.8,1.802,240.62,10.452,64.71,86.4,0
1568.7,85.05,28.34,1.969,284.23,12.454,65.03,102.9,0
2282.1,45.47,32.66,1.892,227.29,9.791,61.63,69.0,0
1544.7,83.94,18.32,2.158,284.07,12.403,66.33,91.6,0
1959.6,68.06,30.31,1.676,260.6,12.109,60.82,65.7,0
1524.3,37.31,38.7,1.599,219.9,8.622,60.46,83.9,0
1982.9,53.12,29.4,1.726,237.53,10.185,62.0,99.6,0
1846.2,45.41,27.48,1.243,255.87,9.61,63.02,74.2,0
1710.8,26.25,21.05,1.351,209.39,7.298,60.47,46.0,1
1739.8,22.39,23.29,1.359,195.21,8.019,60.21,72.1,1
1586.3,47.72,24.84,1.87,231.68,8.582,67.82,68.9,0
1861.5,21.52,24.58,1.266,205.41,7.567,61.41,58.5,1
1636.3,33.24,30.98,1.396,224.26,9.001,62.26,76.3,0
1443.6,78.01,18.13,2.415,278.06,12.117,66.26,94.3,0
1430.5,76.65,33.66,2.458,277.39,12.166,65.94,86.7,1
1793.1,79.09,26.08,2.191,269.74,12.331,61.76,84.3,0
2144.8,45.37,31.74,1.655,237.17,10.726,64.92,77.1,0
1790.0,91.2,24.27,2.23,282.43,13.891,67.55,91.2,0
1720.3,67.51,36.79,1.902,256.05,11.639,64.28,73.9,0
1821.5,30.08,33.56,1.037,208.76,9.035,59.78,63.4,1
2076.5,31.5,34.89,1.604,208.29,9.297,63.83,74.0,0
1804.8,75.45,20.08,2.317,279.05,11.827,63.42,88.5,0
1647.3,33.84,31.19,1.486,226.11,7.798,60.78,56.6,0
2026.6,60.58,31.83,2.151,260.51,11.375,63.15,94.0,0
1857.2,99.34,24.94,2.403,299.52,14.382,71.14,71.8,0
2133.9,20.32,24.16,1.401,210.6,8.664,62.96,61.1,1
1795.8,21.33,30.1,1.214,191.5,7.19,56.09,58.5,1
1443.9,99.45,29.9,2.414,306.24,13.106,64.61,100.8,1
1408.0,66.77,29.82,1.931,261.54,11.276,64.46,90.6,0
2162.7,30.15,32.53,1.772,221.2,8.782,62.05,82.5,0
2180.9,91.78,41.19,2.727,293.18,12.642,66.01,91.4,1
1705.1,90.43,38.03,2.044,280.62,13.415,69.78,99.8,1
1654.2,62.9,10.26,1.965,243.49,9.824,65.37,85.8,1
2115.4,69.74,28.07,2.125,258.0,11.378,66.54,70.0,0
1473.2,41.85,25.47,1.7,234.75,9.883,61.67,93.9,0
1526.3,24.04,13.91,1.409,214.37,8.795,62.8,52.5,1
1910.8,67.57,29.36,2.091,250.13,10.837,64.63,90.4,0
1651.3,43.58,35.31,1.545,224.45,9.19,61.92,78.4,0
1748.7,73.09,21.33,2.109,261.92,11.871,66.85,91.0,0
1709.1,86.9,30.54,2.183,281.42,13.98,63.08,88.6,0
1834.4,21.45,18.24,1.283,194.85,7.505,63.97,73.5,1
2101.9,67.66,26.51,1.971,249.81,11.478,65.28,69.9,0
1772.6,38.5,37.31,1.719,219.63,10.032,65.59,73.1,0
1911.0,89.91,27.92,2.348,288.58,13.129,64.94,89.9,0
1237.5,40.29,31.1,1.921,218.91,9.144,62.05,68.9,0
1737.8,68.86,18.06,1.601,261.71,10.61,61.15,88.0,0
1539.2,64.28,40.39,1.809,265.61,10.829,64.67,94.1,0
1445.3,51.69,31.72,2.005,231.62,8.835,64.7,76.7,0
1530.5,74.21,27.74,2.132,267.4,11.084,64.82,96.6,0
1666.5,78.06,31.91,1.751,281.87,12.665,62.32,88.3,0
1979.0,65.36,25.35,2.119,255.08,11.427,62.9,76.7,0
1418.4,80.67,35.37,2.194,272.22,11.931,66.1,88.8,0
1757.7,98.67,27.66,2.498,307.72,13.452,67.02,96.5,1
1629.0,53.54,27.61,1.687,241.8,10.03,61.98,71.9,0
1668.1,61.17,26.06,1.814,262.24,10.992,67.18,86.6,0
2000.7,21.0,20.47,1.492,208.63,8.52,61.43,68.6,1
1884.5,83.68,36.7,2.028,277.68,11.254,68.16,75.6,0
2084.3,61.62,30.71,1.843,257.78,10.765,63.15,66.1,0
1711.4,52.64,29.77,1.591,245.73,10.268,63.43,82.2,0
1576.0,27.53,28.63,1.476,221.2,7.969,61.62,60.3,0
1694.0,91.17,34.69,2.013,285.02,13.48,62.39,97.0,0
1810.6,51.6,23.18,1.372,242.25,10.349,64.89,84.1,0
1794.1,74.61,46.5,2.078,269.04,11.83,65.28,75.9,1
1478.9,31.95,18.28,1.406,223.97,7.969,63.07,55.5,1
1772.6,96.92,38.41,2.213,288.11,13.629,65.26,113.9,1
1807.1,34.28,38.56,1.081,229.27,9.488,60.02,72.0,1
2379.4,35.96,23.62,1.741,226.89,9.067,61.31,68.8,0
2219.2,88.72,44.58,2.505,275.93,13.529,70.15,86.7,1
1536.7,93.01,34.81,2.505,301.27,13.337,68.43,92.5,1
1678.2,36.97,34.07,1.296,242.24,9.822,62.03,58.8,1
1384.1,57.58,28.84,2.205,257.12,10.061,68.26,92.2,0
1602.3,78.68,28.15,1.996,285.83,12.722,67.66,81.7,0
1828.9,90.27,27.74,2.115,289.01,14.04,67.7,105.2,0
2051.5,50.32,31.23,2.027,227.1,10.289,61.77,75.8,0
1567.7,61.36,36.58,1.898,238.88,10.6,63.04,72.4,0
1586.5,79.34,27.85,2.038,277.25,11.986,63.52,85.7,0
1213.2,78.49,20.22,2.384,269.45,11.589,68.34,65.5,0
1709.3,82.64,35.95,2.275,271.85,13.083,66.92,91.4,1
1484.4,65.59,28.73,2.216,258.21,11.121,63.05,84.6,0
1617.6,28.37,30.78,1.209,218.97,8.278,60.31,75.4,0
1530.8,92.32,33.62,2.354,279.16,12.491,64.2,77.6,1
1726.4,89.25,31.3,2.171,283.5,12.536,66.26,105.9,0
1310.6,83.85,22.59,2.261,292.7,13.554,63.25,101.1,0
1383.2,27.99,22.06,1.505,204.98,7.766,62.92,81.3,0
2282.3,36.35,17.64,1.772,230.58,8.976,63.93,72.8,0
1428.1,79.49,30.77,2.421,271.51,12.896,70.88,102.5,1
1475.8,21.85,26.74,1.528,210.59,7.643,63.46,52.1,1
2209.2,98.34,28.25,2.593,306.78,14.673,67.48,107.1,1
2476.3,50.17,13.72,2.101,246.14,10.657,66.55,72.5,0
1457.1,77.55,19.6,2.297,280.33,11.72,63.72,74.4,0
1657.9,91.01,37.59,2.151,279.99,13.087,64.41,83.5,1
1835.4,51.57,26.12,1.73,250.79,9.381,64.13,78.5,0
2182.2,45.53,32.08,1.816,227.82,10.022,59.31,68.6,0
1503.3,68.7,24.12,1.882,264.52,11.427,64.52,89.1,0
1688.7,66.48,35.97,1.703,261.84,12.367,61.76,65.4,0
1944.3,52.73,24.93,1.963,247.16,10.464,64.64,59.0,0
1858.7,68.14,29.06,1.886,264.47,10.16,62.43,98.9,0
1656.0,94.83,45.78,2.544,287.05,13.436,68.87,107.5,1
1716.5,57.41,38.47,1.611,238.09,12.203,63.2,69.3,0
1406.3,35.74,24.82,1.655,229.87,9.035,65.49,72.4,0
1690.5,50.18,22.09,1.959,241.7,9.468,64.36,89.5,0
1683.4,51.53,27.54,1.468,251.03,10.41,60.88,81.0,0
1808.0,30.49,27.56,1.019,216.23,8.052,59.5,68.3,1
1611.2,33.03,28.39,1.599,208.39,7.691,59.7,82.1,0
1867.9,74.76,33.07,1.892,277.45,11.89,65.62,80.2,0
2003.2,47.16,37.87,1.707,233.63,10.081,64.42,77.1,0
1788.9,96.39,31.34,2.189,298.41,12.627,71.59,96.7,0
1837.9,39.49,40.36,1.503,222.21,8.557,60.95,70.1,0
1763.3,27.91,23.63,1.087,226.65,8.253,59.65,62.4,1
1750.0,80.28,39.32,1.977,269.32,12.178,64.17,90.7,0
1569.6,90.48,30.03,2.369,285.88,13.295,67.61,96.2,1
1829.1,42.25,30.58,1.346,231.56,8.73,62.41,62.4,0
1725.7,36.17,26.22,1.257,214.66,9.298,61.01,78.2,0
2273.3,34.86,23.56,1.689,224.48,8.602,64.98,62.6,0
2143.3,61.76,33.01,1.827,267.01,12.32,62.93,80.4,0
1846.5,57.47,33.95,1.676,245.04,9.665,65.4,77.2,0
1559.2,40.76,26.96,1.582,232.07,8.414,63.63,77.3,0
1471.9,23.61,20.07,1.317,186.34,7.861,60.95,45.0,1
2047.8,58.52,20.88,1.875,249.91,11.978,63.63,90.6,0
1815.7,96.75,23.43,2.301,293.59,13.994,71.96,90.9,0
1870.0,72.2,18.57,1.881,260.09,12.234,63.05,98.8,0
1313.9,59.64,27.68,2.147,260.22,10.346,65.97,79.0,0
1981.9,28.86,31.13,1.634,212.02,7.924,60.9,69.4,0
1863.6,40.19,23.6,1.424,226.81,9.035,65.47,91.8,0
1472.4,43.58,12.97,1.749,229.28,8.482,65.08,73.0,1
1632.1,81.18,28.6,2.076,262.09,11.61,64.38,103.3,0
1815.9,90.14,26.99,2.26,279.11,13.518,67.77,95.5,0
1763.1,92.13,43.06,2.427,298.25,12.71,67.99,101.0,1
1677.0,98.77,22.14,2.416,281.64,14.02,66.59,99.8,1
1724.1,98.59,24.21,2.034,292.18,13.08,67.61,105.2,0
1687.0,96.24,39.05,2.362,292.29,13.814,68.11,91.0,1
1788.1,25.75,30.14,1.402,224.84,7.805,61.81,57.6,1
2117.9,31.02,31.75,1.526,223.38,9.694,61.95,63.6,0
1108.3,44.36,24.76,2.128,228.77,9.101,65.7,79.3,0
1690.8,64.23,31.03,1.707,267.51,11.821,64.22,80.5,0
1794.1,27.76,33.46,1.029,207.39,7.811,60.07,73.0,1
1824.0,87.66,27.11,2.195,293.27,13.121,65.13,106.9,0
1657.0,69.34,34.05,1.651,252.34,10.866,67.07,74.4,0
1310.8,63.39,18.75,2.066,264.65,10.384,63.07,77.2,0
1832.0,33.22,27.87,1.557,216.62,8.583,63.08,56.6,0
2181.8,40.26,30.29,1.463,220.08,9.217,61.42,93.2,0
1366.5,32.82,22.9,1.407,217.65,7.513,65.13,73.0,1
1966.0,88.15,31.84,2.14,288.0,12.42,64.4,98.5,0
1667.9,66.74,25.37,1.857,256.13,9.853,62.96,71.1,0
1734.7,78.81,24.91,1.94,279.0,11.656,63.18,89.2,0
1486.8,43.68,25.16,1.876,227.76,9.608,64.46,81.6,0
1666.4,49.7,22.76,1.756,244.6,8.933,60.77,75.4,0
2075.0,52.39,32.47,1.92,246.4,9.695,63.3,90.6,0
1895.7,80.8,21.63,2.15,276.47,13.684,61.72,114.3,1
2183.1,81.79,31.43,2.432,274.61,12.594,67.66,83.7,0
2044.4,36.55,23.78,1.454,225.07,9.411,60.91,61.3,0
1859.8,95.32,28.05,2.446,298.79,14.121,64.67,89.3,0
2186.0,29.65,20.47,1.427,232.08,9.206,63.77,85.0,1
1859.7,91.69,37.24,2.388,297.54,12.532,64.69,106.8,1
1957.0,28.03,30.62,1.564,221.45,8.311,63.69,67.8,0
1675.9,41.16,25.49,1.508,254.1,8.248,60.87,73.8,0
1766.6,87.72,32.26,2.103,289.39,14.502,69.25,85.2,0
1575.6,34.36,16.87,1.515,225.11,7.617,63.59,80.0,1
1997.4,53.09,26.33,1.365,249.33,9.866,60.04,73.0,0
1455.4,55.99,38.16,1.921,239.11,9.56,62.53,78.5,0
1945.6,39.62,28.99,1.534,223.99,8.467,63.53,79.2,0
1702.3,76.82,30.7,1.983,268.13,12.909,64.71,86.9,0
2042.8,88.11,35.15,2.462,290.91,14.795,67.15,93.3,1
1937.7,89.97,37.97,2.288,286.57,13.1,69.4,95.3,1
2205.2,47.15,17.15,1.7,237.68,9.435,61.72,84.7,1
1932.7,62.47,20.0,1.862,263.66,9.838,64.5,99.5,0
1357.0,39.87,27.35,1.723,234.75,8.65,65.0,80.1,0
1733.3,39.58,23.18,1.424,226.21,8.96,63.5,80.4,0
1457.0,32.9,34.48,1.552,214.12,7.948,61.88,68.8,0
1620.4,95.2,28.99,2.488,303.32,13.619,67.23,91.2,1
2127.8,91.04,21.16,2.305,295.44,13.898,63.47,102.2,1
1909.4,82.19,23.75,2.187,265.78,12.928,64.1,93.6,0
1575.3,61.41,11.93,2.054,251.19,10.549,65.7,69.6,1
1496.6,59.25,25.03,1.631,252.42,9.825,63.03,77.2,0
1758.2,62.38,27.76,1.769,261.09,11.398,64.1,81.6,0
1445.9,62.93,25.56,1.899,262.79,10.737,66.56,78.3,0
1582.2,54.77,34.81,1.7,247.99,10.746,61.07,94.2,0
1828.0,30.54,38.59,1.185,221.33,8.995,60.18,72.6,0
2038.8,30.05,25.31,1.456,216.58,7.84,62.1,83.0,0
1902.2,96.18,19.11,2.641,290.03,12.986,67.04,102.1,1
1177.2,58.56,33.21,1.947,248.18,9.659,67.41,83.0,0
1826.1,96.26,34.46,2.129,295.66,13.143,68.22,87.1,0
1768.0,33.09,33.55,1.115,219.43,9.118,61.03,68.4,1
1853.5,64.35,34.2,2.107,242.14,11.463,68.95,85.3,0
2154.1,36.62,21.66,1.603,220.76,9.993,59.51,58.8,1
1234.2,40.25,36.84,1.813,228.76,8.942,63.44,69.6,0
1602.2,22.4,19.59,1.194,204.63,7.77,61.18,61.8,1
1897.7,29.52,32.06,1.219,213.44,9.229,58.93,71.8,0
1354.6,93.35,21.38,2.481,295.92,13.354,68.33,102.2,1
2119.0,45.72,23.54,2.15,226.24,10.068,62.76,73.1,0
1842.1,68.65,40.92,2.112,249.36,12.472,66.89,91.4,1
1961.6,57.2,27.1,1.699,245.86,10.857,65.63,78.4,0
1607.3,52.04,32.21,1.792,248.56,9.838,64.27,50.3,0
1953.4,62.55,35.99,1.776,268.56,10.705,60.28,77.7,0
2017.1,34.98,27.79,1.272,228.23,9.487,59.2,80.7,0
1808.2,99.09,37.81,2.486,287.16,14.728,69.05,82.8,1
1808.6,85.46,27.44,2.303,280.7,12.865,66.82,94.9,0
1817.6,79.33,17.33,2.201,277.25,13.199,60.8,106.8,1
1534.2,57.5,25.07,1.765,250.42,9.202,66.27,73.1,0
1713.1,32.23,29.44,1.288,222.99,8.508,61.39,69.0,0
1711.9,93.65,33.17,2.348,285.05,13.43,65.56,83.8,0
1845.8,47.31,18.5,1.645,237.29,9.445,64.99,92.7,0
2000.0,24.01,24.06,1.301,212.17,9.601,59.57,65.4,1
1485.4,47.39,22.13,1.48,243.48,9.487,60.96,75.9,0
1718.7,83.56,25.61,2.095,273.82,12.409,66.61,105.4,0
2120.4,69.82,22.12,2.305,261.02,11.971,69.88,94.9,0
1564.1,80.07,26.86,1.97,254.45,11.018,68.53,81.1,0
1544.4,83.49,25.89,2.313,275.22,12.018,67.47,86.6,0
1800.6,36.96,30.33,1.445,220.15,9.597,62.81,76.6,0
1961.1,93.9,37.27,2.49,284.53,13.346,69.36,91.6,1
1752.9,55.04,25.95,1.759,247.37,9.909,61.17,58.6,0
2082.2,71.12,26.54,2.028,264.9,12.808,66.54,86.5,0
1964.2,20.18,25.59,1.032,186.15,8.633,58.26,48.5,1
1960.5,99.47,29.09,2.38,301.09,14.478,68.14,115.3,1
1888.5,42.47,22.21,1.681,223.54,9.263,62.54,76.7,0
2331.9,24.97,23.23,1.559,213.84,8.435,62.99,59.0,1
1698.7,56.66,26.98,1.587,237.74,9.999,63.28,72.4,0
1249.1,30.32,24.46,1.382,216.63,7.328,55.29,50.0,1
2151.1,32.19,25.29,1.867,216.36,8.349,63.79,61.5,0
1635.6,70.58,31.91,2.074,267.12,11.161,66.7,97.3,0
1777.0,51.43,17.39,1.709,242.72,9.521,64.27,100.6,0
2077.4,93.75,29.73,2.613,290.46,12.889,68.06,105.8,1
1349.4,45.53,23.46,1.89,222.35,9.374,67.21,76.4,0
1437.1,78.09,30.51,2.185,261.9,12.075,66.71,86.1,0
1349.7,56.89,25.1,1.949,243.59,11.171,65.38,72.0,0
1551.5,72.8,20.92,1.987,267.29,11.224,67.22,108.0,1
1859.9,67.98,21.83,2.303,256.7,11.726,66.98,85.7,0
1881.0,57.82,29.87,1.856,254.39,10.944,62.36,102.5,0
1819.1,96.0,38.09,2.226,292.97,13.597,61.91,110.9,1
1396.8,47.42,15.06,1.864,229.18,9.887,62.92,60.4,1
1172.5,34.18,27.22,1.623,218.79,8.622,64.04,65.0,0
1763.6,74.25,40.86,2.15,270.9,12.15,65.12,82.2,1
1632.1,87.68,29.58,2.11,287.82,12.743,67.67,92.6,0
1864.8,23.22,26.2,1.315,222.89,7.758,61.26,65.4,1
1925.5,55.97,22.49,1.94,241.81,9.832,67.01,111.2,0
1784.6,91.4,26.36,2.256,289.09,12.863,66.18,84.8,0
1940.0,79.97,20.49,2.166,279.37,12.214,67.0,93.3,0
1807.3,99.34,16.77,2.338,299.03,13.33,68.34,105.0,1
1882.5,62.51,33.74,1.835,251.01,11.398,67.22,82.9,0
1573.8,72.8,27.13,1.946,254.97,12.366,61.56,88.3,0
1705.1,44.2,25.93,1.431,228.95,8.946,61.14,63.6,0
1799.2,95.8,23.98,2.498,286.37,13.883,69.56,99.6,1
1955.1,49.31,18.05,1.687,225.36,9.529,66.32,82.5,0
1651.6,79.08,26.51,1.947,268.53,12.045,65.64,92.6,0
1880.3,52.25,24.09,1.611,234.32,9.896,62.42,83.7,0
1683.5,64.95,31.38,1.992,262.6,11.49,66.43,98.8,0
1720.6,77.58,28.6,2.089,277.91,11.77,67.42,99.1,0
1957.4,60.71,30.62,1.961,245.63,11.672,63.94,83.7,0
1251.7,92.57,31.02,2.548,289.0,12.76,68.63,86.0,1
1425.9,53.54,36.6,1.948,229.39,9.57,66.76,74.4,0
1379.5,71.77,20.53,2.076,262.16,10.619,69.24,85.4,0
1166.6,47.39,25.27,1.939,240.06,9.36,65.66,80.7,0
1580.4,52.65,34.26,1.871,249.78,10.58,64.15,74.9,0
1937.4,55.2,36.46,1.909,240.54,10.768,64.18,71.4,0
1678.8,30.06,19.34,1.161,224.49,9.677,61.66,55.6,1
1799.4,27.34,27.03,1.121,200.68,9.094,60.07,49.8,1
2022.3,73.4,37.51,2.135,258.1,11.96,66.12,86.2,0
2081.9,72.44,32.15,2.411,272.61,11.936,64.7,75.1,0
1732.7,73.03,31.39,1.622,281.01,12.107,66.27,75.3,0
2088.4,21.58,26.89,1.436,209.85,7.562,59.11,62.2,0
1773.0,46.12,24.64,1.304,235.03,10.413,60.73,60.6,1
1540.7,35.82,30.04,1.41,205.43,8.874,61.91,74.8,0
1601.4,82.25,30.08,2.098,262.52,12.585,69.84,98.8,0
1379.9,88.85,31.92,2.366,287.66,13.15,66.28,89.8,0
1528.0,39.73,30.97,1.494,224.82,9.99,60.83,68.5,0
1660.5,73.43,23.43,1.974,259.27,11.887,64.0,92.9,0
1950.9,30.35,30.44,1.336,216.94,8.561,64.57,61.5,1
2180.2,42.01,45.89,1.555,231.34,10.696,56.86,66.2,1
1404.5,31.09,15.32,1.66,224.87,8.722,60.57,82.8,1
1848.2,42.68,28.4,1.632,232.31,9.32,68.27,83.6,0
1489.9,73.98,21.39,2.244,278.6,11.661,67.38,95.4,0
1868.7,92.83,34.46,2.056,291.46,13.662,63.8,104.1,0
1717.2,36.2,25.85,1.414,222.52,9.08,61.66,51.4,1
1292.3,63.37,32.63,2.218,264.55,9.798,65.91,99.0,0
1982.1,76.11,35.5,1.973,263.51,11.395,66.87,92.4,0
1598.7,96.23,29.43,2.366,318.0,13.015,71.03,108.0,1
1616.5,68.8,36.12,1.921,265.57,10.792,65.53,89.5,0
1482.6,40.41,13.13,1.896,231.54,8.579,62.72,76.0,1
1586.4,70.04,39.58,2.27,268.25,11.82,67.76,85.4,1
1857.0,45.64,34.57,1.321,249.78,9.657,60.25,77.6,0
1702.7,98.09,37.81,2.683,304.05,13.918,66.61,97.3,1
1832.2,51.97,21.93,1.508,229.53,9.506,59.07,85.9,0
1840.5,74.83,22.53,2.142,281.03,11.8,62.68,73.2,0
2080.2,21.86,25.27,1.538,203.5,8.431,60.01,61.5,0
1664.3,52.0,31.01,1.499,243.26,10.432,60.2,97.6,0
1380.8,90.01,29.51,2.519,277.78,12.397,68.4,90.4,1
2016.8,68.82,34.08,2.03,266.79,11.869,62.78,83.9,0
1667.1,55.52,17.5,1.782,241.41,11.678,57.51,71.3,0
2028.6,94.87,36.91,2.481,294.65,13.858,65.68,101.4,1
1845.8,88.32,28.74,2.381,283.71,12.745,66.23,87.8,0
1717.2,45.78,25.85,1.524,250.33,9.525,61.26,73.3,0
1837.2,63.56,22.62,1.798,272.13,11.228,67.14,91.5,0
2237.8,59.19,30.93,2.242,251.4,11.132,64.52,77.2,0
2269.2,70.58,13.0,2.361,265.2,12.147,68.32,96.8,1
1767.3,46.73,33.61,1.625,233.09,8.89,62.86,84.3,0
1790.0,39.54,19.48,1.325,236.29,8.625,61.4,82.3,1
2019.1,93.01,30.2,2.254,288.99,13.621,65.13,97.5,0
1538.6,93.91,26.33,2.293,289.32,13.202,66.87,129.0,1
1833.3,87.47,35.94,2.085,292.79,12.741,64.44,103.7,1
1743.5,98.26,29.7,2.397,293.6,13.748,67.88,102.0,1
1828.5,79.6,28.1,2.203,275.22,12.483,65.73,82.3,0
1541.7,81.17,24.34,2.161,264.76,12.819,64.19,90.4,0
1352.6,81.01,36.53,2.548,282.84,12.024,69.6,107.9,1
1231.8,58.45,32.04,2.297,265.67,10.397,66.79,101.3,1
1470.7,56.52,20.76,1.908,253.59,9.917,63.43,96.0,0
1635.3,39.22,27.77,1.357,238.76,9.366,61.89,79.7,0
1676.7,71.59,17.38,2.169,259.13,11.879,65.65,75.5,0
2234.3,43.15,31.55,1.825,233.67,10.455,61.86,80.9,0
2026.5,40.62,17.92,1.649,221.2,9.955,62.96,61.7,1
1509.5,66.88,35.21,1.945,258.43,11.463,63.54,70.2,0
1836.9,52.8,30.22,1.528,249.54,10.252,60.81,80.0,0
1648.2,37.51,36.61,1.224,225.82,9.046,57.77,75.7,0
1678.9,85.28,21.8,2.231,271.04,13.39,65.77,102.3,0
1796.3,88.85,30.08,2.052,276.09,12.763,67.01,98.4,0
1904.8,33.42,37.71,1.884,209.05,8.451,62.15,78.3,0
1665.2,20.6,34.17,1.014,208.65,7.672,64.72,53.4,1
2016.0,46.89,25.75,1.528,252.78,10.266,64.29,74.5,0
1464.5,83.8,32.02,2.362,291.46,11.924,69.57,78.4,0
1751.6,87.13,29.81,2.338,269.39,12.927,68.56,74.5,0
2399.4,31.07,26.16,1.795,228.65,9.078,66.82,79.1,0
1805.8,81.95,24.93,2.16,285.83,11.282,64.52,84.1,0
2108.3,29.26,27.77,1.249,202.75,8.567,55.75,76.5,0
1772.9,51.21,16.35,1.485,239.02,10.025,61.58,87.9,1
1895.2,99.89,33.36,2.253,308.63,14.04,68.13,92.3,0
1735.8,35.41,31.61,1.058,226.89,9.668,60.6,74.6,1
1707.4,32.32,25.74,1.336,208.31,7.813,61.87,62.7,1
1555.1,53.82,12.02,1.427,249.47,9.616,64.96,58.9,1
1857.6,69.57,32.76,1.731,246.39,10.106,64.78,86.0,0
1537.1,94.63,36.21,2.309,291.78,13.069,68.67,92.3,1
1916.4,98.47,25.79,2.285,307.26,13.806,65.22,93.8,0
2021.3,25.57,21.43,1.46,210.83,8.011,59.42,87.5,0
1841.6,31.04,20.51,1.385,213.26,9.239,64.7,53.9,1
1678.4,83.26,23.73,2.24,287.03,13.106,66.66,96.4,0
1863.5,41.65,26.71,1.628,237.78,9.492,61.52,64.4,0
1672.8,90.79,38.22,2.395,299.43,12.963,66.06,105.2,1
1983.9,73.08,26.93,2.083,274.69,12.696,64.23,91.1,0
1292.1,28.95,30.39,1.646,223.39,7.846,61.03,73.8,0
1666.1,86.6,28.19,2.243,289.79,12.353,64.0,84.3,0
1252.3,34.11,32.09,1.731,223.05,7.201,59.95,64.7,0
1376.2,53.88,28.58,1.848,245.37,9.672,63.62,89.2,0
2091.0,64.17,31.61,1.986,255.11,11.928,63.68,102.1,0
1973.8,60.06,26.74,1.757,242.37,12.395,66.05,86.4,0
1570.1,74.89,21.98,2.131,262.23,11.849,66.36,80.0,0
1374.4,72.21,22.7,2.17,264.4,10.942,66.38,91.7,0
1008.9,99.36,25.44,2.784,301.17,12.497,67.63,125.8,1
1614.1,99.95,25.56,2.309,311.47,14.192,66.99,99.9,0
2355.1,61.32,34.21,2.022,253.25,10.452,65.65,98.2,0
1858.7,27.62,29.22,1.448,221.17,8.648,63.05,61.0,0
1610.1,78.23,42.16,2.097,282.51,12.609,65.55,89.5,1
1866.3,98.13,19.68,2.236,295.91,14.229,69.04,104.0,1
1359.8,45.47,27.56,1.915,239.32,9.115,64.04,81.4,0
1675.7,56.9,20.52,1.629,246.33,10.816,64.81,72.0,0
1774.9,53.98,23.55,1.419,255.36,10.446,61.31,69.3,0
1728.5,24.11,21.73,1.332,214.02,7.441,57.43,76.3,1
1947.7,73.78,15.0,1.984,259.01,13.21,65.69,99.6,1
1836.2,48.27,30.23,1.532,239.21,9.737,64.03,91.2,0
1917.1,83.0,40.74,2.185,292.78,13.272,67.38,110.2,1
1577.9,86.57,31.0,2.408,282.43,11.302,68.07,96.1,1
1974.5,85.7,32.18,2.268,286.42,13.846,65.95,90.5,0
2157.2,53.33,37.75,1.746,248.37,11.555,61.97,92.7,0
1507.5,45.72,26.8,1.761,226.58,9.433,64.52,83.7,0
1528.1,79.91,27.52,2.103,279.97,12.506,66.66,80.8,0
2083.9,84.11,17.62,2.612,269.78,13.398,66.85,84.8,1
1702.2,59.3,35.05,1.728,246.16,10.311,65.91,86.0,0
2101.0,91.44,30.62,2.117,298.34,13.995,64.45,92.9,0
1639.4,31.51,21.59,1.415,220.67,7.925,60.44,69.3,1
2113.8,90.33,32.64,2.738,285.95,13.225,71.93,108.8,1
1782.9,27.69,22.65,1.478,216.8,8.924,63.48,76.1,0
1814.6,32.28,24.71,1.611,218.26,9.232,61.69,84.3,0
2141.2,62.71,37.65,1.901,255.35,10.984,65.06,64.0,0
1659.6,25.4,17.77,1.39,215.74,7.502,61.63,69.8,1
1514.7,24.22,33.11,1.243,203.25,7.315,55.21,72.9,0
1637.9,20.04,20.11,1.224,204.37,7.931,58.68,49.1,1
1863.1,54.91,26.82,1.523,243.39,9.906,62.64,71.8,0
1358.6,81.97,40.7,2.246,265.68,12.38,65.73,83.8,1
1909.4,22.79,28.68,1.168,199.98,8.43,60.85,65.2,1
1615.3,72.18,30.68,2.125,279.16,11.587,67.93,104.3,0
2037.0,85.85,20.64,2.437,286.1,13.761,66.68,114.9,1
1151.4,33.44,25.57,1.822,209.54,7.894,61.18,64.5,0
1553.4,31.75,27.29,1.231,205.78,8.215,61.53,73.8,1
1328.4,88.86,31.71,2.424,285.74,12.101,66.71,101.2,1
1543.4,85.85,27.39,2.141,295.51,13.272,65.83,96.8,0
1811.9,63.12,25.62,1.927,254.24,10.651,64.02,87.6,0
1705.2,85.54,29.28,2.296,293.1,13.008,71.23,96.7,0
1686.7,27.42,17.8,1.42,215.72,8.088,57.02,85.0,1
1710.2,51.56,23.93,1.492,245.64,9.453,61.74,88.0,0
1800.8,79.02,35.5,1.615,264.14,12.007,63.82,76.7,0
1497.9,40.6,24.26,1.346,236.22,9.825,60.04,80.2,0
1926.7,80.19,30.7,2.357,273.54,12.713,68.63,101.1,1
1915.7,60.33,26.13,1.777,259.31,10.387,65.55,84.9,0
1846.3,80.02,32.35,1.965,269.51,12.681,65.16,101.1,0
1889.1,57.17,29.34,2.015,250.03,10.625,64.24,84.0,0
1824.1,49.43,36.6,1.791,242.13,12.101,63.42,80.0,0
2258.8,37.54,27.2,1.774,223.81,9.683,63.01,75.0,0
1728.2,36.67,18.91,1.323,227.24,8.683,61.24,50.6,1
1673.2,80.12,35.3,2.043,274.01,13.185,65.2,89.5,0
1561.6,29.51,19.81,1.427,210.22,7.068,62.1,62.2,1
1491.9,26.88,22.28,1.65,225.1,7.949,63.91,57.4,1
1438.9,34.1,26.92,1.624,229.32,9.614,60.06,86.0,0
1527.8,34.03,26.65,1.597,214.75,8.43,60.31,76.5,0
1732.3,85.85,36.97,2.277,287.57,11.81,63.19,93.4,1
1833.6,51.88,24.94,1.47,236.32,9.996,64.17,71.3,0
1762.8,99.23,28.51,2.412,289.6,14.824,68.13,102.2,1
1558.6,30.98,22.46,1.374,225.44,8.512,62.43,79.0,0
1975.0,72.28,26.79,1.687,253.11,11.504,61.06,77.2,0
1934.9,55.9,32.95,1.467,254.49,10.246,66.12,78.3,0
1710.1,51.43,27.41,1.451,239.7,9.739,61.13,85.4,0
1586.8,90.01,40.63,2.36,286.32,13.254,67.48,76.3,1
1887.1,98.05,45.41,2.397,300.94,14.784,69.24,98.1,1
1797.0,89.83,26.72,2.213,292.44,13.865,64.57,90.4,0
1388.0,35.38,29.96,1.913,215.85,8.742,62.62,72.5,0
1733.0,37.66,23.31,1.188,230.94,8.197,61.24,65.3,1
1815.5,72.49,22.82,1.936,267.89,11.068,70.63,88.4,0
1525.1,43.13,22.65,1.673,221.7,9.545,63.59,94.4,0
1797.5,78.78,24.44,1.909,273.17,11.542,68.21,85.8,0
1386.3,65.31,26.94,2.075,269.43,10.726,67.67,88.2,0
2084.0,64.07,31.61,1.788,270.3,11.642,64.81,103.1,0
2062.0,86.28,25.74,2.555,289.28,12.532,65.83,90.0,0
1686.9,76.84,33.76,1.901,262.69,11.47,67.03,106.4,0
1840.9,22.13,19.24,1.509,210.48,7.804,58.7,66.9,1
1147.5,23.96,43.67,1.636,215.55,7.616,65.47,86.0,1
1460.9,68.12,23.6,2.207,267.56,11.798,66.27,94.6,0
1676.6,58.9,28.34,1.734,256.95,11.002,58.4,84.1,0
1482.0,40.81,18.91,1.622,231.88,9.041,62.03,73.4,0
1928.6,53.49,41.99,1.658,243.61,10.01,64.54,72.4,0
2249.3,80.63,36.84,2.427,271.89,12.307,66.65,93.5,1
1455.8,86.13,26.48,2.375,268.17,12.29,68.51,103.4,1
1540.6,64.9,21.4,1.823,260.59,11.228,62.54,83.5,0
1808.9,50.83,28.03,1.591,242.48,10.327,60.28,74.2,0
2152.8,41.66,21.66,1.656,234.45,8.475,62.73,72.0,0
1444.4,61.75,36.69,2.316,243.4,10.163,66.18,95.4,1
1812.3,45.18,32.14,1.514,239.38,10.399,61.71,87.1,0
2205.3,65.13,31.97,2.373,274.59,11.713,68.9,80.4,0
1337.1,74.13,10.94,2.213,269.59,10.667,64.38,82.5,1
1429.7,25.29,18.94,1.474,209.85,9.116,62.28,71.5,1
1644.1,20.09,31.49,0.988,206.57,7.484,59.69,78.2,1
1619.9,36.98,33.01,1.392,240.64,9.059,58.56,82.8,0
1953.2,91.56,34.34,2.368,281.68,13.768,64.58,83.7,1
1810.4,71.7,21.21,2.162,267.67,11.576,65.82,85.4,0
1306.3,33.76,30.19,1.695,214.11,7.82,66.75,62.7,0
